Age,Attrition,BusinessTravel,DailyRate,Department,DistanceFromHome,Education,EducationField,EmployeeNumber,EnvironmentSatisfaction,Gender,HourlyRate,JobInvolvement,JobLevel,JobRole,JobSatisfaction,MaritalStatus,MonthlyIncome,MonthlyRate,NumCompaniesWorked,OverTime,PercentSalaryHike,PerformanceRating,RelationshipSatisfaction,StockOptionLevel,TotalWorkingYears,TrainingTimesLastYear,WorkLifeBalance,YearsAtCompany,YearsInCurrentRole,YearsSinceLastPromotion,YearsWithCurrManager
35,No,Travel_Rarely,384,Sales,8,4,Life Sciences,805,1,Female,72,3,1,Sales Representative,4,Married,2572,20317,1,No,16,3,2,1,3,1,2,3,2,0,2
24,No,Travel_Frequently,897,Human Resources,10,3,Medical,1746,1,Male,59,3,1,Human Resources,4,Married,2145,2097,0,No,14,3,4,1,3,2,3,2,2,2,1
46,No,Travel_Rarely,1277,Sales,2,3,Life Sciences,1732,3,Male,74,3,3,Sales Executive,4,Divorced,10368,5596,4,Yes,12,3,2,1,13,5,2,10,6,0,3
35,No,Travel_Rarely,185,Research & Development,23,4,Medical,1826,2,Male,91,1,1,Laboratory Technician,3,Married,2705,9696,0,No,16,3,2,1,6,2,4,5,4,0,3
34,No,Travel_Rarely,254,Research & Development,1,2,Life Sciences,649,2,Male,83,2,1,Research Scientist,4,Married,3622,22794,1,Yes,13,3,4,1,6,3,3,6,5,1,3
50,No,Travel_Rarely,328,Research & Development,1,3,Medical,249,3,Male,86,2,1,Laboratory Technician,3,Married,3690,3425,2,No,15,3,4,1,5,2,2,3,2,0,2
36,No,Non-Travel,1105,Research & Development,24,4,Life Sciences,419,2,Female,47,3,2,Laboratory Technician,2,Married,5674,6927,7,No,15,3,3,1,11,3,3,9,8,0,8
35,No,Travel_Rarely,195,Sales,1,3,Medical,620,1,Female,80,3,2,Sales Executive,3,Single,4859,6698,1,No,16,3,4,0,5,3,3,5,4,0,3
55,No,Travel_Rarely,452,Research & Development,1,3,Medical,374,4,Male,81,3,5,Manager,1,Single,19045,18938,0,Yes,14,3,3,0,37,2,3,36,10,4,13
41,No,Travel_Frequently,1200,Research & Development,22,3,Life Sciences,1392,4,Female,75,3,2,Research Scientist,4,Divorced,5467,13953,3,Yes,14,3,1,2,12,4,2,6,2,3,3
36,No,Travel_Rarely,1041,Human Resources,13,3,Human Resources,829,3,Male,36,3,1,Human Resources,2,Married,2143,25527,4,No,13,3,2,1,8,2,3,5,2,0,4
32,No,Travel_Rarely,427,Research & Development,1,3,Medical,78,1,Male,33,3,2,Manufacturing Director,4,Married,6162,10877,1,Yes,22,4,2,1,9,3,3,9,8,7,8
48,No,Non-Travel,1262,Research & Development,1,4,Medical,1116,1,Male,35,4,4,Manager,4,Single,16885,16154,2,No,22,4,3,0,27,3,2,5,4,2,1
40,No,Non-Travel,458,Research & Development,16,2,Life Sciences,1340,3,Male,74,3,1,Research Scientist,3,Divorced,3544,8532,9,No,16,3,2,1,6,0,3,4,2,0,0
59,No,Travel_Rarely,818,Human Resources,6,2,Medical,321,2,Male,52,3,1,Human Resources,3,Married,2267,25657,8,No,17,3,4,0,7,2,2,2,2,2,2
31,No,Travel_Frequently,793,Sales,20,3,Life Sciences,1135,3,Male,67,4,1,Sales Representative,4,Married,2791,21981,0,No,12,3,1,1,3,4,3,2,2,2,2
26,No,Travel_Rarely,775,Sales,29,2,Medical,618,1,Male,45,3,2,Sales Executive,3,Divorced,4306,4267,5,No,12,3,1,2,8,5,3,0,0,0,0
31,No,Travel_Rarely,311,Research & Development,20,3,Life Sciences,1881,2,Male,89,3,2,Laboratory Technician,3,Divorced,4197,18624,1,No,11,3,1,1,10,2,3,10,8,0,2
36,No,Travel_Frequently,566,Research & Development,18,4,Life Sciences,407,3,Male,81,4,1,Laboratory Technician,4,Married,3688,7122,4,No,18,3,4,2,4,2,3,1,0,0,0
35,No,Travel_Frequently,146,Research & Development,2,4,Medical,1704,1,Male,79,2,1,Research Scientist,4,Single,4930,13970,0,Yes,14,3,3,0,6,2,4,5,4,1,4
31,No,Travel_Frequently,1125,Research & Development,1,3,Life Sciences,1956,4,Male,48,1,2,Research Scientist,1,Married,5003,5771,1,No,21,4,2,0,10,6,3,10,8,8,7
37,No,Non-Travel,1063,Research & Development,25,5,Medical,529,2,Female,72,3,2,Research Scientist,3,Married,4449,23866,3,Yes,15,3,1,2,15,2,3,13,11,10,7
25,No,Travel_Rarely,309,Human Resources,2,3,Human Resources,1987,3,Female,82,3,1,Human Resources,2,Married,2187,19655,4,No,14,3,3,0,6,3,3,2,0,1,2
49,No,Travel_Rarely,527,Research & Development,8,2,Other,944,1,Female,51,3,3,Laboratory Technician,2,Married,7403,22477,4,No,11,3,3,1,29,3,2,26,9,1,7
38,No,Travel_Rarely,371,Research & Development,2,3,Life Sciences,24,4,Male,45,3,1,Research Scientist,4,Single,3944,4306,5,Yes,11,3,3,0,6,3,3,3,2,1,2
47,No,Travel_Rarely,249,Sales,2,2,Marketing,903,3,Female,35,3,2,Sales Executive,4,Married,4537,17783,0,Yes,22,4,1,1,8,2,3,7,6,7,7
29,No,Travel_Frequently,442,Sales,2,2,Life Sciences,388,2,Male,44,3,2,Sales Executive,4,Single,4554,20260,1,No,18,3,1,0,10,3,2,10,7,0,9
40,No,Travel_Rarely,555,Research & Development,2,3,Medical,521,2,Female,78,2,2,Laboratory Technician,3,Married,3448,13436,6,No,22,4,2,1,20,3,3,1,0,0,0
45,No,Travel_Rarely,252,Research & Development,2,3,Life Sciences,834,2,Female,95,2,1,Research Scientist,3,Single,2274,6153,1,No,14,3,4,0,1,3,3,1,0,0,0
42,No,Travel_Rarely,1128,Research & Development,13,3,Medical,1803,2,Male,95,4,2,Healthcare Representative,1,Married,5538,5696,5,No,18,3,3,2,10,2,2,0,0,0,0
37,No,Travel_Rarely,977,Research & Development,1,3,Life Sciences,1196,4,Female,56,2,2,Manufacturing Director,4,Married,6474,9961,1,No,13,3,2,1,14,2,2,14,8,3,11
39,No,Travel_Rarely,117,Research & Development,10,1,Medical,429,3,Male,99,3,4,Manager,1,Married,17068,5355,1,Yes,14,3,4,0,21,3,3,21,9,11,10
39,No,Travel_Rarely,1431,Research & Development,1,4,Medical,332,3,Female,96,3,1,Laboratory Technician,3,Divorced,2232,15417,7,No,14,3,3,3,7,1,3,3,2,1,2
44,No,Travel_Rarely,528,Human Resources,1,3,Life Sciences,1683,3,Female,44,3,1,Human Resources,4,Divorced,3195,4167,4,Yes,18,3,1,3,8,2,3,2,2,2,2
43,No,Travel_Rarely,415,Sales,25,3,Medical,1076,3,Male,79,2,3,Sales Executive,4,Divorced,10798,5268,5,No,13,3,3,1,18,5,3,1,0,0,0
38,No,Travel_Rarely,395,Sales,9,3,Marketing,893,2,Male,98,2,1,Sales Representative,2,Married,2899,12102,0,No,19,3,4,1,3,3,3,2,2,1,2
48,No,Travel_Rarely,277,Research & Development,6,3,Life Sciences,1022,1,Male,97,2,2,Healthcare Representative,3,Single,4240,13119,2,No,13,3,4,0,19,0,3,2,2,2,2
56,No,Non-Travel,667,Research & Development,1,4,Life Sciences,2026,3,Male,57,3,2,Healthcare Representative,3,Divorced,6306,26236,1,No,21,4,1,1,13,2,2,13,12,1,9
30,No,Travel_Frequently,1312,Research & Development,23,3,Life Sciences,159,1,Male,96,1,1,Research Scientist,3,Divorced,2613,22310,1,No,25,4,3,3,10,2,2,10,7,0,9
34,No,Travel_Rarely,1153,Research & Development,1,2,Medical,110,1,Male,94,3,2,Manufacturing Director,2,Married,4325,17736,1,No,15,3,3,0,5,2,3,5,2,1,3
32,No,Travel_Rarely,1093,Sales,6,4,Medical,125,2,Male,87,3,2,Sales Executive,3,Single,5010,24301,1,No,16,3,1,0,12,0,3,11,8,5,7
37,No,Travel_Rarely,124,Research & Development,3,3,Other,1062,4,Female,35,3,2,Healthcare Representative,2,Single,4107,13848,3,No,15,3,1,0,8,3,2,4,3,0,1
28,No,Travel_Rarely,1169,Human Resources,8,2,Medical,869,2,Male,63,2,1,Human Resources,4,Divorced,4936,23965,1,No,13,3,4,1,6,6,3,5,1,0,4
43,No,Travel_Rarely,930,Research & Development,6,3,Medical,1402,1,Female,73,2,2,Research Scientist,3,Single,4081,20003,1,Yes,14,3,1,0,20,3,1,20,7,1,8
46,No,Travel_Rarely,406,Sales,3,1,Marketing,1124,1,Male,52,3,4,Manager,3,Married,17465,15596,3,No,12,3,4,1,23,3,3,12,9,4,9
29,No,Travel_Rarely,590,Research & Development,4,3,Technical Degree,1762,4,Female,91,2,1,Research Scientist,1,Divorced,2109,10007,1,No,13,3,3,1,1,2,3,1,0,0,0
44,No,Travel_Rarely,1315,Research & Development,3,4,Other,671,4,Male,35,3,5,Manager,4,Married,19513,9358,4,Yes,12,3,1,1,26,2,4,2,2,0,1
34,No,Travel_Rarely,629,Research & Development,27,2,Medical,247,4,Female,95,3,1,Research Scientist,2,Single,2311,5711,2,No,15,3,4,0,9,3,3,3,2,1,2
50,No,Travel_Frequently,1115,Research & Development,1,3,Life Sciences,141,1,Female,73,3,5,Research Director,2,Married,18172,9755,3,Yes,19,3,1,0,28,1,2,8,3,0,7
55,No,Travel_Rarely,1117,Sales,18,5,Life Sciences,597,1,Female,83,3,4,Manager,2,Single,16835,9873,3,No,23,4,4,0,37,2,3,10,9,7,7
45,No,Travel_Rarely,1234,Sales,11,2,Life Sciences,1045,4,Female,90,3,4,Manager,4,Married,17650,5404,3,No,13,3,2,1,26,4,4,9,3,1,1
50,No,Travel_Rarely,939,Research & Development,24,3,Life Sciences,1005,4,Male,95,3,4,Manufacturing Director,3,Married,13973,4161,3,Yes,18,3,4,1,22,2,3,12,11,1,5
34,No,Travel_Rarely,1346,Research & Development,19,2,Medical,18,2,Male,93,3,1,Laboratory Technician,4,Divorced,2661,8758,0,No,11,3,3,1,3,2,3,2,2,1,2
34,No,Travel_Rarely,628,Research & Development,8,3,Medical,2068,2,Male,82,4,2,Laboratory Technician,3,Married,4404,10228,2,No,12,3,1,0,6,3,4,4,3,1,2
32,No,Travel_Rarely,1373,Research & Development,5,4,Life Sciences,1966,4,Male,56,2,2,Manufacturing Director,4,Single,9679,10138,8,No,24,4,2,0,8,1,3,1,0,0,0
27,No,Travel_Rarely,1302,Research & Development,19,3,Other,1619,4,Male,67,2,1,Laboratory Technician,1,Divorced,4066,16290,1,No,11,3,1,2,7,3,3,7,7,0,7
39,No,Travel_Rarely,116,Research & Development,24,1,Life Sciences,2014,1,Male,52,3,2,Research Scientist,4,Single,4108,5340,7,No,13,3,1,0,18,2,3,7,7,1,7
38,No,Travel_Rarely,1380,Research & Development,9,2,Life Sciences,245,3,Female,75,3,1,Laboratory Technician,4,Single,2288,6319,1,No,12,3,3,0,2,3,3,2,2,2,1
35,No,Travel_Rarely,809,Research & Development,16,3,Medical,14,1,Male,84,4,1,Laboratory Technician,2,Married,2426,16479,0,No,13,3,3,1,6,5,3,5,4,0,3
46,No,Travel_Rarely,1485,Research & Development,18,3,Medical,550,3,Female,87,3,2,Manufacturing Director,3,Divorced,4810,26314,2,No,14,3,3,1,19,5,2,10,7,0,8
32,No,Non-Travel,862,Sales,2,1,Life Sciences,1190,3,Female,76,3,1,Sales Representative,1,Divorced,2827,14947,1,No,12,3,3,3,1,3,3,1,0,0,0
29,No,Travel_Rarely,232,Research & Development,19,3,Technical Degree,611,4,Male,34,3,2,Manufacturing Director,4,Divorced,4262,22645,4,No,12,3,2,2,8,2,4,3,2,1,2
30,No,Travel_Rarely,570,Sales,5,3,Marketing,456,4,Female,30,2,2,Sales Executive,3,Divorced,6118,5431,1,No,13,3,3,3,10,2,3,10,9,1,2
32,No,Travel_Rarely,548,Research & Development,1,3,Life Sciences,96,2,Male,66,3,2,Research Scientist,2,Married,6220,7346,1,No,17,3,2,2,10,3,3,10,4,0,9
36,No,Non-Travel,635,Sales,10,4,Medical,592,2,Male,32,3,3,Sales Executive,4,Single,9980,15318,1,No,14,3,4,0,10,3,2,10,3,9,7
25,No,Travel_Rarely,1356,Sales,10,4,Life Sciences,1240,3,Male,57,3,2,Sales Executive,4,Single,4950,20623,0,No,14,3,2,0,5,4,3,4,3,1,1
35,No,Travel_Rarely,538,Research & Development,25,2,Other,652,1,Male,54,2,2,Laboratory Technician,4,Single,3681,14004,4,No,14,3,4,0,9,3,3,3,2,0,2
55,No,Travel_Frequently,1091,Research & Development,2,1,Life Sciences,1096,4,Male,65,3,3,Manufacturing Director,2,Married,10976,15813,3,No,18,3,2,1,23,4,3,3,2,1,2
46,No,Travel_Rarely,566,Research & Development,7,2,Medical,1007,4,Male,75,3,3,Manufacturing Director,3,Divorced,10845,24208,6,No,13,3,2,1,13,3,3,8,7,0,7
45,No,Travel_Rarely,538,Research & Development,1,4,Technical Degree,1553,1,Male,66,3,3,Healthcare Representative,2,Divorced,7441,20933,1,No,12,3,1,3,10,4,3,10,8,7,7
58,No,Travel_Rarely,1145,Research & Development,9,3,Medical,214,2,Female,75,2,1,Research Scientist,2,Married,3346,11873,4,Yes,20,4,2,1,9,3,2,1,0,0,0
27,No,Travel_Rarely,894,Research & Development,9,3,Medical,260,4,Female,99,3,1,Research Scientist,2,Single,2279,11781,1,No,16,3,4,0,7,2,2,7,7,0,3
32,No,Non-Travel,1200,Research & Development,1,4,Technical Degree,1574,4,Male,62,3,2,Research Scientist,1,Married,4087,25174,4,No,14,3,2,1,9,3,2,6,5,1,2
26,No,Travel_Frequently,575,Research & Development,1,2,Life Sciences,792,1,Female,71,1,1,Laboratory Technician,4,Divorced,4364,5288,3,No,14,3,1,1,5,2,3,2,2,2,0
37,No,Travel_Rarely,228,Sales,6,4,Medical,378,3,Male,98,3,2,Sales Executive,4,Married,6502,22825,4,No,14,3,2,1,7,5,4,5,4,0,1
24,No,Travel_Rarely,1371,Sales,10,4,Marketing,507,4,Female,77,3,2,Sales Executive,3,Divorced,4260,5915,1,Yes,12,3,4,1,5,2,4,5,2,0,3
42,No,Travel_Rarely,916,Research & Development,17,2,Life Sciences,347,4,Female,82,4,2,Research Scientist,1,Single,6545,23016,3,Yes,13,3,3,0,10,1,3,3,2,0,2
40,No,Travel_Rarely,1171,Research & Development,10,4,Life Sciences,483,4,Female,46,4,1,Laboratory Technician,3,Married,2213,22495,3,Yes,13,3,3,1,10,3,3,7,7,1,7
39,No,Travel_Rarely,141,Human Resources,3,3,Human Resources,760,3,Female,44,4,2,Human Resources,2,Married,6389,18767,9,No,15,3,3,1,12,3,1,8,3,3,6
41,No,Travel_Rarely,582,Research & Development,28,4,Life Sciences,2034,1,Female,60,2,4,Manufacturing Director,2,Married,13570,5640,0,No,23,4,3,1,21,3,3,20,7,0,10
27,No,Travel_Rarely,1157,Research & Development,17,3,Technical Degree,233,3,Male,51,3,1,Research Scientist,2,Married,3058,13364,0,Yes,16,3,4,1,6,3,2,5,2,1,1
31,No,Travel_Rarely,218,Sales,7,3,Technical Degree,416,2,Male,100,4,2,Sales Executive,4,Married,6929,12241,4,No,11,3,2,1,10,3,2,8,7,7,7
34,No,Travel_Rarely,1354,Research & Development,5,3,Medical,153,3,Female,45,2,3,Manager,1,Single,11631,5615,2,No,12,3,4,0,14,6,3,11,10,5,8
51,No,Travel_Rarely,313,Research & Development,3,3,Medical,258,4,Female,98,3,4,Healthcare Representative,2,Single,13734,7192,3,No,18,3,3,0,21,6,3,7,7,1,0
41,No,Travel_Rarely,642,Research & Development,1,3,Life Sciences,1999,4,Male,76,3,1,Research Scientist,4,Married,2782,21412,3,No,22,4,1,1,12,3,3,5,3,1,0
57,No,Travel_Rarely,334,Research & Development,24,2,Life Sciences,223,3,Male,83,4,3,Healthcare Representative,4,Divorced,9439,23402,3,Yes,16,3,2,1,12,2,1,5,3,1,4
33,No,Travel_Rarely,516,Research & Development,8,5,Life Sciences,1515,4,Male,69,3,2,Healthcare Representative,3,Single,6388,22049,2,Yes,17,3,1,0,14,6,3,0,0,0,0
25,No,Travel_Rarely,266,Research & Development,1,3,Medical,1303,4,Female,40,3,1,Research Scientist,2,Single,2096,18830,1,No,18,3,4,0,2,3,2,2,2,2,1
27,No,Travel_Rarely,511,Sales,2,2,Medical,1898,1,Female,89,4,2,Sales Executive,3,Single,6500,26997,0,No,14,3,2,0,9,5,2,8,7,0,7
55,No,Travel_Rarely,478,Research & Development,2,3,Medical,1770,3,Male,60,2,5,Research Director,1,Married,19038,19805,8,No,12,3,2,3,34,2,3,1,0,0,0
42,No,Travel_Rarely,635,Sales,1,1,Life Sciences,387,2,Male,99,3,2,Sales Executive,3,Married,4907,24532,1,No,25,4,3,0,20,3,3,20,16,11,6
23,No,Travel_Rarely,977,Research & Development,10,3,Technical Degree,1592,4,Male,45,4,1,Research Scientist,3,Married,2073,12826,2,No,16,3,4,1,4,2,3,2,2,2,2
30,No,Travel_Rarely,438,Research & Development,18,3,Life Sciences,194,1,Female,75,3,1,Research Scientist,3,Single,2632,23910,1,No,14,3,3,0,5,4,2,5,4,0,4
28,No,Travel_Rarely,640,Research & Development,1,3,Technical Degree,1301,4,Male,84,3,1,Research Scientist,1,Single,2080,4732,2,No,11,3,2,0,5,2,2,3,2,1,2
35,No,Travel_Rarely,735,Research & Development,6,1,Life Sciences,1291,3,Male,66,3,1,Research Scientist,3,Married,3506,6020,0,Yes,14,3,4,0,4,3,3,3,2,2,2
35,No,Travel_Rarely,1219,Sales,18,3,Medical,975,3,Female,86,3,2,Sales Executive,3,Married,4601,6179,1,No,16,3,2,0,5,3,3,5,2,1,0
30,No,Non-Travel,641,Sales,25,2,Technical Degree,475,4,Female,85,3,2,Sales Executive,3,Married,4736,6069,7,Yes,12,3,2,1,4,2,4,2,2,2,2
32,No,Travel_Rarely,334,Research & Development,5,2,Life Sciences,21,1,Male,80,4,1,Research Scientist,2,Divorced,3298,15053,0,Yes,12,3,4,2,7,5,2,6,2,0,5
29,No,Travel_Frequently,1404,Sales,20,3,Technical Degree,974,3,Female,84,3,1,Sales Representative,4,Married,2157,18203,1,No,15,3,2,1,3,5,3,3,1,0,2
36,No,Travel_Rarely,913,Research & Development,9,2,Medical,699,2,Male,48,2,2,Manufacturing Director,2,Divorced,8847,13934,2,Yes,11,3,3,1,13,2,3,3,2,0,2
43,No,Travel_Rarely,782,Research & Development,6,4,Other,661,2,Male,50,2,4,Research Director,4,Divorced,16627,2671,4,Yes,14,3,3,1,21,3,2,1,0,0,0
33,No,Travel_Rarely,1216,Sales,8,4,Marketing,677,3,Male,39,3,2,Sales Executive,3,Divorced,7104,20431,0,No,12,3,4,0,6,3,3,5,0,1,2
50,No,Travel_Rarely,797,Research & Development,4,1,Life Sciences,385,1,Male,96,3,5,Research Director,2,Divorced,19144,15815,3,No,14,3,1,2,28,4,2,10,4,1,6
38,No,Travel_Frequently,653,Research & Development,29,5,Life Sciences,79,4,Female,50,3,2,Laboratory Technician,4,Single,2406,5456,1,No,11,3,4,0,10,2,3,10,3,9,9
42,No,Travel_Rarely,269,Research & Development,2,3,Medical,351,4,Female,56,2,1,Laboratory Technician,1,Divorced,2593,8007,0,Yes,11,3,3,1,10,4,3,9,6,7,8
18,No,Travel_Rarely,812,Sales,10,3,Medical,411,4,Female,69,2,1,Sales Representative,3,Single,1200,9724,1,No,12,3,1,0,0,2,3,0,0,0,0
32,No,Travel_Rarely,120,Research & Development,6,5,Life Sciences,231,3,Male,43,3,1,Research Scientist,3,Single,3038,12430,3,No,20,4,1,0,8,2,3,5,4,1,4
50,No,Travel_Rarely,316,Sales,8,4,Marketing,738,4,Male,54,3,1,Sales Representative,2,Married,3875,9983,7,No,15,3,4,1,4,2,3,2,2,2,2
34,No,Travel_Frequently,560,Research & Development,1,4,Other,1431,4,Male,91,3,1,Research Scientist,1,Divorced,2996,20284,5,No,14,3,3,2,10,2,3,4,3,1,3
34,No,Travel_Rarely,1333,Sales,10,4,Life Sciences,1055,3,Female,87,3,1,Sales Representative,3,Married,2220,18410,1,Yes,19,3,4,1,1,2,3,1,1,0,0
38,No,Travel_Rarely,723,Sales,2,4,Marketing,1835,2,Female,77,1,2,Sales Representative,4,Married,5405,4244,2,Yes,20,4,1,2,20,4,2,4,2,0,3
20,No,Travel_Rarely,727,Sales,9,1,Life Sciences,1680,4,Male,54,3,1,Sales Representative,1,Single,2728,21082,1,No,11,3,1,0,2,3,3,2,2,0,2
32,No,Non-Travel,953,Research & Development,5,4,Technical Degree,1764,2,Male,65,3,1,Research Scientist,2,Single,2718,17674,2,No,14,3,2,0,12,3,3,7,7,0,7
42,No,Travel_Rarely,1059,Research & Development,9,2,Other,1595,4,Male,93,2,5,Manager,4,Single,19613,26362,8,No,22,4,4,0,24,2,3,1,0,0,1
38,No,Travel_Rarely,1035,Sales,3,4,Life Sciences,1036,2,Male,42,3,2,Sales Executive,4,Single,6861,4981,8,Yes,12,3,3,0,19,1,3,1,0,0,0
41,No,Travel_Rarely,263,Research & Development,6,3,Medical,957,4,Male,59,3,1,Laboratory Technician,1,Single,4721,3119,2,Yes,13,3,3,0,20,3,3,18,13,2,17
37,No,Travel_Rarely,783,Research & Development,7,4,Medical,1885,4,Male,78,3,2,Research Scientist,1,Married,4284,13588,5,Yes,22,4,3,1,16,2,3,5,3,0,4
37,No,Travel_Rarely,367,Research & Development,25,2,Medical,1161,3,Female,52,2,2,Healthcare Representative,4,Divorced,5731,17171,7,No,13,3,3,2,9,2,3,6,2,1,3
38,No,Non-Travel,573,Research & Development,6,3,Medical,107,2,Female,79,1,2,Research Scientist,4,Divorced,5329,15717,7,Yes,12,3,4,3,17,3,3,13,11,1,9
51,No,Travel_Rarely,1405,Research & Development,11,2,Technical Degree,1367,4,Female,82,2,4,Manufacturing Director,2,Single,13142,24439,3,No,16,3,2,0,29,1,2,5,2,0,3
31,No,Travel_Frequently,798,Research & Development,7,2,Life Sciences,442,3,Female,48,2,3,Manufacturing Director,3,Married,8943,14034,1,No,24,4,1,1,10,2,3,10,9,8,9
30,No,Travel_Rarely,288,Research & Development,2,3,Life Sciences,117,3,Male,99,2,2,Healthcare Representative,4,Married,4152,15830,1,No,19,3,1,3,11,3,3,11,10,10,8
47,No,Travel_Frequently,1309,Sales,4,1,Medical,467,2,Male,99,3,2,Sales Representative,3,Single,2976,25751,3,No,19,3,1,0,5,3,3,0,0,0,0
25,No,Travel_Rarely,622,Sales,13,1,Medical,645,2,Male,40,3,1,Sales Representative,3,Married,2096,26376,1,No,11,3,3,0,7,1,3,7,4,0,6
27,No,Travel_Rarely,1103,Research & Development,14,3,Life Sciences,1244,1,Male,42,3,1,Research Scientist,1,Married,2235,14377,1,Yes,14,3,4,2,9,3,2,9,7,6,8
41,No,Travel_Rarely,796,Sales,4,1,Marketing,1815,3,Female,81,3,3,Sales Executive,3,Divorced,10447,26458,0,Yes,13,3,4,1,23,3,4,22,14,13,5
28,No,Non-Travel,120,Sales,4,3,Medical,129,2,Male,43,3,2,Sales Executive,3,Married,4221,8863,1,No,15,3,2,0,5,3,4,5,4,0,4
42,No,Travel_Rarely,544,Human Resources,2,1,Technical Degree,470,3,Male,52,3,1,Human Resources,3,Divorced,2696,24017,0,Yes,11,3,3,1,4,5,3,3,2,1,0
27,No,Travel_Frequently,1297,Research & Development,5,2,Life Sciences,1850,4,Female,53,3,1,Laboratory Technician,4,Single,2379,19826,0,Yes,14,3,3,0,6,3,2,5,4,0,2
26,No,Travel_Frequently,1283,Sales,1,3,Medical,956,3,Male,52,2,2,Sales Executive,1,Single,4294,11148,1,No,12,3,2,0,7,2,3,7,7,0,7
40,No,Travel_Rarely,1202,Research & Development,2,1,Medical,1375,2,Female,89,4,2,Healthcare Representative,3,Divorced,6377,13888,5,No,20,4,2,3,15,0,3,12,11,11,8
37,No,Travel_Rarely,342,Sales,16,4,Marketing,868,4,Male,66,2,2,Sales Executive,3,Divorced,6334,24558,4,No,19,3,4,2,9,2,3,1,0,0,0
35,No,Travel_Rarely,682,Sales,18,4,Medical,1945,2,Male,71,3,2,Sales Executive,1,Married,5561,15975,0,No,16,3,4,1,6,2,1,5,3,0,4
41,No,Travel_Frequently,840,Research & Development,9,3,Medical,999,1,Male,64,3,5,Research Director,3,Divorced,19419,3735,2,No,17,3,2,1,21,2,4,18,16,0,11
41,No,Non-Travel,552,Human Resources,4,3,Human Resources,1722,3,Male,60,1,2,Human Resources,2,Married,6430,20794,6,No,19,3,2,1,10,4,3,3,2,1,2
35,No,Travel_Rarely,819,Research & Development,18,5,Life Sciences,1621,2,Male,48,4,2,Research Scientist,1,Married,5208,26312,1,No,11,3,4,0,16,2,3,16,15,1,10
40,No,Travel_Rarely,1416,Research & Development,2,2,Medical,352,1,Male,49,3,5,Research Director,3,Divorced,19436,5949,0,No,19,3,4,1,22,5,3,21,7,3,9
34,No,Travel_Rarely,131,Sales,2,3,Marketing,1281,3,Female,86,3,2,Sales Executive,1,Single,4538,6039,0,Yes,12,3,4,0,4,3,3,3,2,0,2
36,No,Travel_Rarely,917,Research & Development,6,4,Life Sciences,1221,3,Male,60,1,1,Laboratory Technician,3,Divorced,2741,6865,1,No,14,3,3,1,7,4,3,7,7,1,7
53,No,Travel_Rarely,868,Sales,8,3,Marketing,897,1,Male,73,3,4,Sales Executive,4,Married,11836,22789,5,No,14,3,3,1,28,3,3,2,0,2,2
40,No,Travel_Rarely,1492,Research & Development,20,4,Technical Degree,1092,1,Male,61,3,3,Healthcare Representative,4,Married,10322,26542,4,No,20,4,4,1,14,6,3,11,10,11,1
42,No,Travel_Frequently,555,Sales,26,3,Marketing,404,3,Female,77,3,4,Sales Executive,2,Married,13525,14864,5,No,14,3,4,1,23,2,4,20,4,4,8
30,No,Travel_Rarely,1092,Research & Development,10,3,Medical,1816,1,Female,64,3,3,Manufacturing Director,3,Single,9667,2739,9,No,14,3,2,0,9,3,3,7,7,0,2
36,No,Travel_Rarely,938,Research & Development,2,4,Medical,958,3,Male,79,3,1,Laboratory Technician,3,Single,2519,12287,4,No,21,4,3,0,16,6,3,11,8,3,9
40,No,Travel_Rarely,523,Research & Development,2,3,Life Sciences,1346,3,Male,98,3,2,Research Scientist,4,Single,4661,22455,1,No,13,3,3,0,9,4,3,9,8,8,8
42,No,Travel_Rarely,810,Research & Development,23,5,Life Sciences,468,1,Female,44,3,4,Research Director,4,Single,15992,15901,2,No,14,3,2,0,16,2,3,1,0,0,0
43,No,Travel_Frequently,1001,Research & Development,9,5,Medical,663,4,Male,72,3,2,Laboratory Technician,3,Divorced,5679,19627,3,Yes,13,3,2,1,10,3,3,8,7,4,7
23,No,Travel_Rarely,541,Sales,2,1,Technical Degree,113,3,Male,62,3,1,Sales Representative,1,Divorced,2322,9518,3,No,13,3,3,1,3,3,3,0,0,0,0
39,No,Travel_Rarely,903,Sales,2,5,Life Sciences,985,1,Male,41,4,3,Sales Executive,3,Single,7880,2560,0,No,18,3,4,0,9,3,3,8,7,0,7
24,No,Travel_Rarely,350,Research & Development,21,2,Technical Degree,1551,3,Male,57,2,1,Laboratory Technician,1,Divorced,2296,10036,0,No,14,3,2,3,2,3,3,1,1,0,0
22,No,Travel_Rarely,1136,Research & Development,5,3,Life Sciences,284,4,Male,60,4,1,Research Scientist,2,Divorced,2328,12392,1,Yes,16,3,1,1,4,2,2,4,2,2,2
38,No,Travel_Rarely,322,Sales,7,2,Medical,382,1,Female,44,4,2,Sales Executive,1,Divorced,5605,19191,1,Yes,24,4,3,1,8,3,3,8,0,7,7
38,No,Travel_Frequently,1189,Research & Development,1,3,Life Sciences,1668,4,Male,90,3,2,Research Scientist,4,Married,4735,9867,7,No,15,3,4,2,19,4,4,13,11,2,9
33,No,Travel_Rarely,134,Research & Development,2,3,Life Sciences,242,3,Male,90,3,1,Research Scientist,4,Single,2500,10515,0,No,14,3,1,0,4,2,4,3,1,0,2
29,No,Travel_Rarely,1247,Sales,20,2,Marketing,349,4,Male,45,3,2,Sales Executive,4,Divorced,6931,10732,2,No,14,3,4,1,10,2,3,3,2,0,2
42,No,Travel_Rarely,603,Research & Development,7,4,Medical,1292,2,Female,78,4,2,Research Scientist,2,Married,2372,5628,6,Yes,16,3,4,0,18,2,3,1,0,0,0
32,No,Travel_Frequently,430,Research & Development,24,4,Life Sciences,772,1,Male,80,3,2,Laboratory Technician,4,Married,5309,21146,1,No,15,3,4,2,10,2,3,10,8,4,7
30,No,Travel_Rarely,852,Research & Development,1,1,Life Sciences,104,4,Male,55,2,2,Laboratory Technician,4,Married,5126,15998,1,Yes,12,3,3,2,10,1,2,10,8,3,0
53,No,Travel_Rarely,238,Sales,1,1,Medical,682,4,Female,34,3,2,Sales Executive,1,Single,8381,7507,7,No,20,4,4,0,18,2,4,14,7,8,10
42,No,Travel_Rarely,855,Research & Development,12,3,Medical,1768,2,Male,57,3,1,Laboratory Technician,2,Divorced,2766,8952,8,No,22,4,2,3,7,6,2,5,3,0,4
34,No,Travel_Rarely,937,Sales,1,3,Marketing,1950,1,Male,32,3,3,Sales Executive,4,Single,9888,6770,1,No,21,4,1,0,14,3,2,14,8,2,1
44,No,Travel_Rarely,477,Research & Development,7,4,Medical,36,1,Female,42,2,3,Healthcare Representative,4,Married,10248,2094,3,No,14,3,4,1,24,4,3,22,6,5,17
31,No,Travel_Rarely,408,Research & Development,9,4,Life Sciences,493,3,Male,42,2,1,Research Scientist,2,Single,2657,7551,0,Yes,16,3,4,0,3,5,3,2,2,2,2
42,No,Travel_Rarely,932,Research & Development,1,2,Life Sciences,827,4,Female,43,2,2,Manufacturing Director,4,Married,6062,4051,9,Yes,13,3,4,1,8,4,3,4,3,0,2
41,No,Non-Travel,256,Sales,10,2,Medical,1329,3,Male,40,1,2,Sales Executive,2,Single,6151,22074,1,No,13,3,1,0,19,4,3,19,2,11,9
23,No,Travel_Rarely,1309,Research & Development,26,1,Life Sciences,465,3,Male,83,3,1,Research Scientist,4,Divorced,2904,16092,1,No,12,3,3,2,4,2,2,4,2,0,2
21,No,Travel_Rarely,984,Research & Development,1,1,Technical Degree,1131,4,Female,70,2,1,Research Scientist,2,Single,2070,25326,1,Yes,11,3,3,0,2,6,4,2,2,2,2
36,No,Travel_Rarely,676,Research & Development,1,3,Other,823,3,Female,35,3,2,Manufacturing Director,2,Married,5228,23361,0,No,15,3,1,1,10,2,3,9,7,0,5
28,No,Travel_Rarely,1179,Research & Development,19,4,Medical,1216,4,Male,78,2,1,Laboratory Technician,1,Married,3196,12449,1,No,12,3,3,3,6,2,3,6,5,3,3
30,No,Travel_Rarely,330,Human Resources,1,3,Life Sciences,1499,3,Male,46,3,1,Human Resources,3,Divorced,2064,15428,0,No,21,4,1,1,6,3,4,5,3,1,3
35,No,Travel_Rarely,1229,Research & Development,8,1,Life Sciences,63,4,Male,36,4,1,Laboratory Technician,4,Married,2269,4892,1,No,19,3,4,0,1,2,3,1,0,0,1
31,No,Non-Travel,697,Research & Development,10,3,Medical,1979,3,Female,40,3,3,Research Director,3,Married,11031,26862,4,No,20,4,3,1,13,2,4,11,7,4,8
42,No,Travel_Frequently,1368,Research & Development,28,4,Technical Degree,551,4,Female,88,2,2,Healthcare Representative,4,Married,4523,4386,0,No,11,3,4,3,7,4,4,6,5,0,4
40,No,Travel_Rarely,759,Sales,2,2,Marketing,516,4,Female,46,3,2,Sales Executive,2,Divorced,5715,22553,7,No,12,3,3,2,8,5,3,5,4,1,3
45,No,Travel_Rarely,176,Human Resources,4,3,Life Sciences,1744,3,Female,56,1,3,Human Resources,3,Married,9756,6595,4,No,21,4,3,2,9,2,4,5,0,0,3
45,No,Travel_Rarely,1448,Research & Development,29,3,Technical Degree,1465,2,Male,55,3,3,Manufacturing Director,4,Married,9380,14720,4,Yes,18,3,4,2,10,4,4,3,1,1,2
31,No,Travel_Rarely,525,Sales,6,4,Medical,653,1,Male,66,4,2,Sales Executive,4,Divorced,5460,6219,4,No,22,4,4,2,13,4,4,7,7,5,7
22,No,Travel_Rarely,1256,Research & Development,19,1,Medical,217,3,Male,80,3,1,Research Scientist,4,Married,2323,11992,1,No,24,4,1,2,2,6,3,2,2,2,2
42,No,Travel_Rarely,532,Research & Development,4,2,Technical Degree,319,3,Male,58,3,5,Manager,4,Married,19232,4933,1,No,11,3,4,0,22,3,3,22,17,11,15
20,No,Travel_Rarely,654,Sales,21,3,Marketing,1226,3,Male,43,4,1,Sales Representative,4,Single,2678,5050,1,No,17,3,4,0,2,2,3,2,1,2,2
33,No,Travel_Rarely,832,Research & Development,5,4,Life Sciences,338,3,Female,63,2,1,Research Scientist,4,Married,2911,14776,1,No,13,3,3,1,2,2,2,2,2,0,2
45,No,Travel_Rarely,974,Research & Development,1,4,Medical,996,4,Female,91,3,1,Laboratory Technician,4,Divorced,2270,11005,3,No,14,3,4,2,8,2,3,5,3,0,2
28,No,Travel_Frequently,467,Sales,7,3,Life Sciences,1507,3,Male,55,3,2,Sales Executive,1,Single,4898,11827,0,No,14,3,4,0,5,5,3,4,2,1,3
31,No,Travel_Rarely,655,Research & Development,7,4,Life Sciences,76,4,Male,48,3,2,Laboratory Technician,4,Divorced,5915,9528,3,No,22,4,4,1,10,3,2,7,7,1,7
30,No,Travel_Rarely,125,Research & Development,9,2,Medical,41,4,Male,83,2,1,Laboratory Technician,3,Single,2206,16117,1,No,13,3,1,0,10,5,3,10,0,1,8
24,No,Travel_Rarely,1476,Sales,4,1,Medical,1445,4,Female,42,3,2,Sales Executive,3,Married,4162,15211,1,Yes,12,3,3,2,5,3,3,5,4,0,3
31,No,Travel_Frequently,853,Research & Development,1,1,Life Sciences,1011,3,Female,96,3,2,Manufacturing Director,1,Married,4148,11275,1,No,12,3,3,1,4,1,3,4,3,0,3
34,No,Travel_Rarely,971,Sales,1,3,Technical Degree,1535,4,Male,64,2,3,Sales Executive,3,Married,7083,12288,1,Yes,14,3,4,0,10,3,3,10,9,8,6
51,No,Travel_Rarely,632,Sales,21,4,Marketing,120,3,Male,71,3,2,Sales Executive,4,Single,5441,8423,0,Yes,22,4,4,0,11,2,1,10,7,1,0
38,No,Travel_Frequently,1391,Research & Development,10,1,Medical,1006,3,Male,66,3,1,Research Scientist,3,Married,2684,12127,0,No,17,3,2,1,3,0,2,2,1,0,2
38,No,Travel_Frequently,888,Human Resources,10,4,Human Resources,1563,3,Male,71,3,2,Human Resources,3,Married,6077,14814,3,No,11,3,3,0,10,2,3,6,3,1,2
21,No,Travel_Rarely,391,Research & Development,15,2,Life Sciences,30,3,Male,96,3,1,Research Scientist,4,Single,1232,19281,1,No,14,3,4,0,0,6,3,0,0,0,0
28,No,Travel_Rarely,440,Research & Development,21,3,Medical,221,3,Male,42,3,1,Research Scientist,4,Married,2713,6672,1,No,11,3,3,1,5,2,1,5,2,0,2
58,No,Travel_Frequently,1216,Research & Development,15,4,Life Sciences,1837,1,Male,87,3,4,Research Director,3,Married,15787,21624,2,Yes,14,3,2,0,23,3,3,2,2,2,2
25,No,Non-Travel,675,Research & Development,5,2,Life Sciences,369,2,Male,85,4,2,Healthcare Representative,1,Divorced,4000,18384,1,No,12,3,4,2,6,2,3,6,3,1,5
35,No,Travel_Rarely,1349,Research & Development,7,2,Life Sciences,1601,3,Male,63,2,1,Laboratory Technician,4,Married,2690,7713,1,No,18,3,4,1,1,5,2,1,0,0,1
38,No,Travel_Rarely,201,Research & Development,10,3,Medical,2015,2,Female,99,1,3,Research Director,3,Married,13206,3376,3,No,12,3,1,1,20,3,3,18,16,1,11
38,No,Travel_Frequently,1490,Research & Development,2,2,Life Sciences,556,4,Male,42,3,1,Laboratory Technician,4,Married,1702,12106,1,Yes,23,4,3,1,1,3,3,1,0,0,0
41,No,Travel_Rarely,1411,Research & Development,19,2,Life Sciences,334,3,Male,36,3,2,Research Scientist,1,Divorced,3072,19877,2,No,16,3,1,2,17,2,2,1,0,0,0
35,No,Non-Travel,1225,Research & Development,2,4,Life Sciences,771,4,Female,61,3,2,Healthcare Representative,1,Divorced,5093,4761,2,No,11,3,1,1,16,2,4,1,0,0,0
28,No,Travel_Rarely,304,Sales,9,4,Life Sciences,498,2,Male,92,3,2,Sales Executive,4,Single,5253,20750,1,No,16,3,4,0,7,1,3,7,5,0,7
44,No,Travel_Frequently,602,Human Resources,1,5,Human Resources,1642,1,Male,37,3,2,Human Resources,4,Married,5743,10503,4,Yes,11,3,3,0,14,3,3,10,7,0,2
37,No,Travel_Rarely,1372,Research & Development,1,3,Life Sciences,391,4,Female,42,3,1,Research Scientist,4,Single,2115,15881,1,No,12,3,2,0,17,3,3,17,12,5,7
29,No,Travel_Rarely,1210,Sales,2,3,Medical,366,1,Male,78,2,2,Sales Executive,2,Married,6644,3687,2,No,19,3,2,2,10,2,3,0,0,0,0
36,No,Travel_Rarely,711,Research & Development,5,4,Life Sciences,1651,2,Female,42,3,3,Healthcare Representative,1,Married,8008,22792,4,No,12,3,3,2,9,6,3,3,2,0,2
37,No,Non-Travel,728,Research & Development,1,4,Medical,380,1,Female,80,3,3,Research Director,4,Divorced,13603,11677,2,Yes,18,3,1,2,15,2,3,5,2,0,2
37,No,Travel_Rarely,408,Research & Development,19,2,Life Sciences,61,2,Male,73,3,1,Research Scientist,2,Married,3022,10227,4,No,21,4,1,0,8,1,3,1,0,0,0
47,No,Travel_Rarely,955,Sales,4,2,Life Sciences,1003,4,Female,83,3,2,Sales Executive,4,Single,4163,8571,1,Yes,17,3,3,0,9,0,3,9,0,0,7
44,No,Travel_Rarely,170,Research & Development,1,4,Life Sciences,1903,2,Male,78,4,2,Healthcare Representative,1,Married,5033,9364,2,No,15,3,4,1,10,5,3,2,0,2,2
28,No,Travel_Rarely,995,Research & Development,9,3,Medical,930,3,Female,77,3,1,Research Scientist,3,Divorced,2377,9834,5,No,18,3,2,1,6,2,3,2,2,2,2
35,No,Non-Travel,208,Research & Development,8,4,Life Sciences,1630,3,Female,52,3,2,Healthcare Representative,3,Married,4148,12250,1,No,12,3,4,1,15,5,3,14,11,2,9
28,No,Travel_Rarely,895,Research & Development,15,2,Life Sciences,1102,1,Male,50,3,1,Laboratory Technician,3,Divorced,2207,22482,1,No,16,3,4,1,4,5,2,4,2,2,2
49,No,Travel_Rarely,174,Sales,8,4,Technical Degree,1138,4,Male,56,2,4,Sales Executive,2,Married,13120,11879,6,No,17,3,2,1,22,3,3,9,8,2,3
59,No,Travel_Rarely,1429,Research & Development,18,4,Medical,1283,4,Male,67,3,3,Manufacturing Director,4,Single,10512,20002,6,No,12,3,4,0,25,6,2,9,7,5,4
43,No,Travel_Rarely,1291,Research & Development,15,2,Life Sciences,1666,3,Male,65,2,4,Research Director,3,Married,17603,3525,1,No,24,4,1,1,14,3,3,14,10,6,11
28,No,Travel_Frequently,783,Sales,1,2,Life Sciences,1927,3,Male,42,2,2,Sales Executive,4,Married,6834,19255,1,Yes,12,3,3,1,7,2,3,7,7,0,7
32,No,Travel_Rarely,1018,Research & Development,2,4,Medical,439,1,Female,74,4,2,Research Scientist,4,Single,5055,10557,7,No,16,3,3,0,10,0,2,7,7,0,7
45,No,Travel_Rarely,556,Research & Development,25,2,Life Sciences,1888,2,Female,93,2,2,Manufacturing Director,4,Married,5906,23888,0,No,13,3,4,2,10,2,2,9,8,3,8
50,No,Travel_Rarely,1452,Research & Development,11,3,Life Sciences,226,3,Female,53,3,5,Manager,2,Single,19926,17053,3,No,15,3,2,0,21,5,3,5,4,4,4
52,No,Non-Travel,771,Sales,2,4,Life Sciences,329,1,Male,79,2,5,Manager,3,Single,19068,21030,1,Yes,18,3,4,0,33,2,4,33,7,15,12
35,No,Travel_Rarely,1029,Research & Development,16,3,Life Sciences,1529,4,Female,91,2,3,Healthcare Representative,2,Single,8606,21195,1,No,19,3,4,0,11,3,1,11,8,3,3
50,No,Travel_Rarely,1207,Research & Development,28,1,Medical,716,4,Male,74,4,1,Laboratory Technician,3,Married,3221,3297,1,Yes,11,3,3,3,20,3,3,20,8,3,8
29,No,Travel_Frequently,490,Research & Development,10,3,Life Sciences,1143,4,Female,61,3,1,Research Scientist,2,Divorced,3291,17940,0,No,14,3,4,2,8,2,2,7,5,1,1
47,No,Travel_Rarely,465,Research & Development,1,3,Technical Degree,1438,1,Male,74,3,1,Research Scientist,4,Married,3420,10205,7,No,12,3,3,1,17,2,2,6,5,1,2
37,No,Travel_Frequently,319,Sales,4,4,Marketing,311,1,Male,41,3,1,Sales Representative,4,Divorced,2793,2539,4,No,17,3,3,1,13,2,3,9,8,5,8
35,No,Travel_Rarely,660,Sales,7,1,Life Sciences,1492,4,Male,76,3,1,Sales Representative,3,Married,2404,16192,1,No,13,3,1,1,1,3,3,1,0,0,0
34,No,Travel_Rarely,285,Research & Development,29,3,Medical,1377,2,Male,86,3,2,Laboratory Technician,3,Married,5429,17491,4,No,13,3,1,2,10,1,3,8,7,7,7
26,No,Travel_Rarely,652,Research & Development,7,3,Other,1417,3,Male,100,4,1,Laboratory Technician,1,Single,3578,23577,0,No,12,3,4,0,8,2,3,7,7,0,7
36,No,Travel_Rarely,852,Research & Development,5,4,Life Sciences,51,2,Female,82,2,1,Research Scientist,1,Married,3419,13072,9,Yes,14,3,4,1,6,3,4,1,1,0,0
43,No,Travel_Rarely,1034,Sales,16,3,Marketing,327,4,Female,80,3,4,Manager,4,Married,16064,7744,5,Yes,22,4,3,1,22,3,3,17,13,1,9
34,No,Travel_Rarely,507,Sales,15,2,Medical,1356,3,Female,66,3,2,Sales Executive,1,Single,6125,23553,1,No,12,3,4,0,10,6,4,10,8,9,6
51,No,Travel_Rarely,1469,Research & Development,8,4,Life Sciences,296,2,Male,81,2,3,Research Director,2,Married,12490,15736,5,No,16,3,4,2,16,5,1,10,9,4,7
45,No,Non-Travel,1050,Sales,9,4,Life Sciences,1117,2,Female,65,2,2,Sales Executive,3,Married,5593,17970,1,No,13,3,4,1,15,2,3,15,10,4,12
25,No,Travel_Rarely,882,Research & Development,19,1,Medical,1358,4,Male,67,3,1,Laboratory Technician,4,Married,3669,9075,3,No,11,3,3,3,7,6,2,3,2,1,2
31,No,Non-Travel,979,Research & Development,1,4,Medical,308,3,Male,90,1,2,Manufacturing Director,3,Married,4345,4381,0,No,12,3,4,1,6,2,3,5,4,1,4
49,No,Travel_Rarely,1490,Research & Development,7,4,Life Sciences,1484,3,Male,35,3,3,Healthcare Representative,2,Divorced,10466,20948,3,No,14,3,2,2,29,3,3,8,7,0,7
34,No,Travel_Rarely,1397,Research & Development,1,5,Life Sciences,683,2,Male,42,3,1,Research Scientist,4,Married,2691,7660,1,No,12,3,4,1,10,4,2,10,9,8,8
41,Yes,Travel_Rarely,1102,Sales,1,2,Life Sciences,1,2,Female,94,3,2,Sales Executive,4,Single,5993,19479,8,Yes,11,3,1,0,8,0,1,6,4,0,5
37,Yes,Travel_Rarely,1373,Research & Development,2,2,Other,4,4,Male,92,2,1,Laboratory Technician,3,Single,2090,2396,6,Yes,15,3,2,0,7,3,3,0,0,0,0
28,Yes,Travel_Rarely,103,Research & Development,24,3,Life Sciences,19,3,Male,50,2,1,Laboratory Technician,3,Single,2028,12947,5,Yes,14,3,2,0,6,4,3,4,2,0,3
36,Yes,Travel_Rarely,1218,Sales,9,4,Life Sciences,27,3,Male,82,2,1,Sales Representative,1,Single,3407,6986,7,No,23,4,2,0,10,4,3,5,3,0,3
34,Yes,Travel_Rarely,699,Research & Development,6,1,Medical,31,2,Male,83,3,1,Research Scientist,1,Single,2960,17102,2,No,11,3,3,0,8,2,3,4,2,1,3
32,Yes,Travel_Frequently,1125,Research & Development,16,1,Life Sciences,33,2,Female,72,1,1,Research Scientist,1,Single,3919,4681,1,Yes,22,4,2,0,10,5,3,10,2,6,7
39,Yes,Travel_Rarely,895,Sales,5,3,Technical Degree,42,4,Male,56,3,2,Sales Representative,4,Married,2086,3335,3,No,14,3,3,1,19,6,4,1,0,0,0
24,Yes,Travel_Rarely,813,Research & Development,1,3,Medical,45,2,Male,61,3,1,Research Scientist,4,Married,2293,3020,2,Yes,16,3,1,1,6,2,2,2,0,2,0
50,Yes,Travel_Rarely,869,Sales,3,2,Marketing,47,1,Male,86,2,1,Sales Representative,3,Married,2683,3810,1,Yes,14,3,3,0,3,2,3,3,2,0,2
26,Yes,Travel_Rarely,1357,Research & Development,25,3,Life Sciences,55,1,Male,48,1,1,Laboratory Technician,3,Single,2293,10558,1,No,12,3,3,0,1,2,2,1,0,0,1
41,Yes,Travel_Rarely,1360,Research & Development,12,3,Technical Degree,58,2,Female,49,3,5,Research Director,3,Married,19545,16280,1,No,12,3,4,0,23,0,3,22,15,15,8
48,Yes,Travel_Rarely,626,Research & Development,1,2,Life Sciences,64,1,Male,98,2,3,Laboratory Technician,3,Single,5381,19294,9,Yes,13,3,4,0,23,2,3,1,0,0,0
28,Yes,Travel_Rarely,1434,Research & Development,5,4,Technical Degree,65,3,Male,50,3,1,Laboratory Technician,3,Single,3441,11179,1,Yes,13,3,3,0,2,3,2,2,2,2,2
36,Yes,Travel_Rarely,318,Research & Development,9,3,Medical,90,4,Male,79,2,1,Research Scientist,3,Married,3388,21777,0,Yes,17,3,1,1,2,0,2,1,0,0,0
46,Yes,Travel_Rarely,669,Sales,9,2,Medical,118,3,Male,64,2,3,Sales Executive,4,Single,9619,13596,1,No,16,3,4,0,9,3,3,9,8,4,7
37,Yes,Travel_Rarely,807,Human Resources,6,4,Human Resources,133,3,Male,63,3,1,Human Resources,1,Divorced,2073,23648,4,Yes,22,4,4,0,7,3,3,3,2,0,2
20,Yes,Travel_Frequently,871,Research & Development,6,3,Life Sciences,137,4,Female,66,2,1,Laboratory Technician,4,Single,2926,19783,1,Yes,18,3,2,0,1,5,3,1,0,1,0
25,Yes,Travel_Rarely,240,Sales,5,3,Marketing,142,3,Male,46,2,2,Sales Executive,3,Single,5744,26959,1,Yes,11,3,4,0,6,1,3,6,4,0,3
34,Yes,Travel_Frequently,658,Research & Development,7,3,Life Sciences,147,1,Male,66,1,2,Laboratory Technician,3,Single,6074,22887,1,Yes,24,4,4,0,9,3,3,9,7,0,6
56,Yes,Travel_Rarely,441,Research & Development,14,4,Life Sciences,161,2,Female,72,3,1,Research Scientist,2,Married,4963,4510,9,Yes,18,3,1,3,7,2,3,5,4,4,3
31,Yes,Travel_Rarely,249,Sales,6,4,Life Sciences,163,2,Male,76,1,2,Sales Executive,3,Married,6172,20739,4,Yes,18,3,2,0,12,3,2,7,7,7,7
58,Yes,Travel_Rarely,147,Research & Development,23,4,Medical,165,4,Female,94,3,3,Healthcare Representative,4,Married,10312,3465,1,No,12,3,4,1,40,3,2,40,10,15,6
19,Yes,Travel_Rarely,528,Sales,22,1,Marketing,167,4,Male,50,3,1,Sales Representative,3,Single,1675,26820,1,Yes,19,3,4,0,0,2,2,0,0,0,0
31,Yes,Travel_Rarely,542,Sales,20,3,Life Sciences,175,2,Female,71,1,2,Sales Executive,3,Married,4559,24788,3,Yes,11,3,3,1,4,2,3,2,2,2,2
51,Yes,Travel_Frequently,1150,Research & Development,8,4,Life Sciences,179,1,Male,53,1,3,Manufacturing Director,4,Single,10650,25150,2,No,15,3,4,0,18,2,3,4,2,0,3
32,Yes,Travel_Rarely,1033,Research & Development,9,3,Medical,190,1,Female,41,3,1,Laboratory Technician,1,Single,4200,10224,7,No,22,4,1,0,10,2,4,5,4,0,4
19,Yes,Travel_Frequently,602,Sales,1,1,Technical Degree,235,3,Female,100,1,1,Sales Representative,1,Single,2325,20989,0,No,21,4,1,0,1,5,4,0,0,0,0
19,Yes,Travel_Rarely,303,Research & Development,2,3,Life Sciences,243,2,Male,47,2,1,Laboratory Technician,4,Single,1102,9241,1,No,22,4,3,0,1,3,2,1,0,1,0
41,Yes,Travel_Rarely,1356,Sales,20,2,Marketing,248,2,Female,70,3,1,Sales Representative,2,Single,3140,21728,1,Yes,22,4,4,0,4,5,2,4,3,0,2
35,Yes,Travel_Rarely,556,Research & Development,23,2,Life Sciences,261,2,Male,50,2,2,Manufacturing Director,3,Married,5916,15497,3,Yes,13,3,1,0,8,1,3,1,0,0,1
38,Yes,Travel_Rarely,1180,Research & Development,29,1,Medical,282,2,Male,70,3,2,Healthcare Representative,1,Married,6673,11354,7,Yes,19,3,2,0,17,2,3,1,0,0,0
29,Yes,Travel_Rarely,121,Sales,27,3,Marketing,283,2,Female,35,3,3,Sales Executive,4,Married,7639,24525,1,No,22,4,4,3,10,3,2,10,4,1,9
32,Yes,Travel_Rarely,1045,Sales,4,4,Medical,291,4,Male,32,1,3,Sales Executive,4,Married,10400,25812,1,No,11,3,3,0,14,2,2,14,8,9,8
30,Yes,Travel_Rarely,1005,Research & Development,3,3,Technical Degree,297,4,Female,88,3,1,Research Scientist,1,Single,2657,8556,5,Yes,11,3,3,0,8,5,3,5,2,0,4
30,Yes,Travel_Frequently,334,Sales,26,4,Marketing,299,3,Female,52,2,2,Sales Executive,1,Single,6696,22967,5,No,15,3,3,0,9,5,2,6,3,0,1
29,Yes,Travel_Rarely,992,Research & Development,1,3,Technical Degree,300,3,Male,85,3,1,Research Scientist,3,Single,2058,19757,0,No,14,3,4,0,7,1,2,6,2,1,5
29,Yes,Travel_Rarely,896,Research & Development,18,1,Medical,315,3,Male,86,2,1,Research Scientist,4,Single,2389,14961,1,Yes,13,3,3,0,4,3,2,4,3,0,1
33,Yes,Travel_Rarely,813,Research & Development,14,3,Medical,325,3,Male,58,3,1,Laboratory Technician,4,Married,2436,22149,5,Yes,13,3,3,1,8,2,1,5,4,0,4
33,Yes,Travel_Rarely,465,Research & Development,2,2,Life Sciences,328,1,Female,39,3,1,Laboratory Technician,1,Married,2707,21509,7,No,20,4,1,0,13,3,4,9,7,1,7
32,Yes,Travel_Rarely,515,Research & Development,1,3,Life Sciences,331,4,Male,62,2,1,Laboratory Technician,3,Single,3730,9571,0,Yes,14,3,4,0,4,2,1,3,2,1,2
37,Yes,Travel_Frequently,504,Research & Development,10,3,Medical,342,1,Male,61,3,3,Manufacturing Director,3,Divorced,10048,22573,6,No,11,3,2,2,17,5,3,1,0,0,0
31,Yes,Travel_Frequently,307,Research & Development,29,2,Medical,355,3,Male,71,2,1,Laboratory Technician,2,Single,3479,11652,0,No,11,3,2,0,6,2,4,5,4,1,4
28,Yes,Travel_Rarely,529,Research & Development,2,4,Life Sciences,364,1,Male,79,3,1,Laboratory Technician,3,Single,3485,14935,2,No,11,3,3,0,5,5,1,0,0,0,0
47,Yes,Non-Travel,666,Research & Development,29,4,Life Sciences,376,1,Male,88,3,3,Manager,2,Married,11849,10268,1,Yes,12,3,4,1,10,2,2,10,7,9,9
44,Yes,Travel_Frequently,920,Research & Development,24,3,Life Sciences,392,4,Male,43,3,1,Laboratory Technician,3,Divorced,3161,19920,3,Yes,22,4,4,1,19,0,1,1,0,0,0
26,Yes,Travel_Rarely,1449,Research & Development,16,4,Medical,394,1,Male,45,3,1,Laboratory Technician,2,Divorced,2373,14180,2,Yes,13,3,4,1,5,2,3,3,2,0,2
26,Yes,Travel_Rarely,950,Sales,4,4,Marketing,401,4,Male,48,2,2,Sales Executive,4,Single,5828,8450,1,Yes,12,3,2,0,8,0,3,8,7,7,4
18,Yes,Travel_Rarely,230,Research & Development,3,3,Life Sciences,405,3,Male,54,3,1,Laboratory Technician,3,Single,1420,25233,1,No,13,3,3,0,0,2,3,0,0,0,0
52,Yes,Travel_Rarely,723,Research & Development,8,4,Medical,433,3,Male,85,2,2,Research Scientist,2,Married,4941,17747,2,No,15,3,1,0,11,3,2,8,2,7,7
28,Yes,Travel_Rarely,1157,Research & Development,2,4,Medical,440,1,Male,84,1,1,Research Scientist,4,Married,3464,24737,5,Yes,13,3,4,0,5,4,2,3,2,2,2
39,Yes,Travel_Rarely,1162,Sales,3,2,Medical,445,4,Female,41,3,2,Sales Executive,3,Married,5238,17778,4,Yes,18,3,1,0,12,3,2,1,0,0,0
29,Yes,Travel_Rarely,318,Research & Development,8,4,Other,454,2,Male,77,1,1,Laboratory Technician,1,Married,2119,4759,1,Yes,11,3,4,0,7,4,2,7,7,0,7
21,Yes,Travel_Frequently,756,Sales,1,1,Technical Degree,478,1,Female,99,2,1,Sales Representative,2,Single,2174,9150,1,Yes,11,3,3,0,3,3,3,3,2,1,2
33,Yes,Travel_Rarely,350,Sales,5,3,Marketing,485,4,Female,34,3,1,Sales Representative,3,Single,2851,9150,1,Yes,13,3,2,0,1,2,3,1,0,0,0
41,Yes,Travel_Frequently,143,Sales,4,3,Marketing,488,1,Male,56,3,2,Sales Executive,2,Single,9355,9558,1,No,18,3,3,0,8,5,3,8,7,7,7
40,Yes,Travel_Rarely,575,Sales,22,2,Marketing,492,3,Male,68,2,2,Sales Executive,3,Married,6380,6110,2,Yes,12,3,1,2,8,6,3,6,4,1,0
21,Yes,Travel_Rarely,156,Sales,12,3,Life Sciences,494,3,Female,90,4,1,Sales Representative,2,Single,2716,25422,1,No,15,3,4,0,1,0,3,1,0,0,0
34,Yes,Non-Travel,1362,Sales,19,3,Marketing,502,1,Male,67,4,2,Sales Executive,4,Single,5304,4652,8,Yes,13,3,2,0,9,3,2,5,2,0,4
26,Yes,Travel_Frequently,575,Research & Development,3,1,Technical Degree,510,3,Male,73,3,1,Research Scientist,1,Single,3102,6582,0,No,22,4,3,0,7,2,3,6,4,0,4
30,Yes,Travel_Frequently,464,Research & Development,4,3,Technical Degree,514,3,Male,40,3,1,Research Scientist,4,Single,2285,3427,9,Yes,23,4,3,0,3,4,3,1,0,0,0
25,Yes,Travel_Rarely,688,Research & Development,3,3,Medical,538,1,Male,91,3,1,Laboratory Technician,1,Married,4031,9396,5,No,13,3,3,1,6,5,3,2,2,0,2
24,Yes,Travel_Rarely,1448,Sales,1,1,Technical Degree,554,1,Female,62,3,1,Sales Representative,2,Single,3202,21972,1,Yes,16,3,2,0,6,4,3,5,3,1,4
34,Yes,Travel_Frequently,296,Sales,6,2,Marketing,555,4,Female,33,1,1,Sales Representative,3,Divorced,2351,12253,0,No,16,3,4,1,3,3,2,2,2,1,0
29,Yes,Travel_Rarely,408,Research & Development,25,5,Technical Degree,565,3,Female,71,2,1,Research Scientist,2,Married,2546,18300,5,No,16,3,2,0,6,2,4,2,2,1,1
19,Yes,Travel_Rarely,489,Human Resources,2,2,Technical Degree,566,1,Male,52,2,1,Human Resources,4,Single,2564,18437,1,No,12,3,3,0,1,3,4,1,0,0,0
33,Yes,Travel_Rarely,1277,Research & Development,15,1,Medical,582,2,Male,56,3,3,Manager,3,Married,13610,24619,7,Yes,12,3,4,0,15,2,4,7,6,7,7
33,Yes,Travel_Rarely,587,Research & Development,10,1,Medical,584,1,Male,38,1,1,Laboratory Technician,4,Divorced,3408,6705,7,No,13,3,1,3,8,2,3,4,3,1,3
31,Yes,Travel_Frequently,534,Research & Development,20,3,Life Sciences,587,1,Male,66,3,3,Healthcare Representative,3,Married,9824,22908,3,No,12,3,1,0,12,2,3,1,0,0,0
34,Yes,Travel_Frequently,988,Human Resources,23,3,Human Resources,590,2,Female,43,3,3,Human Resources,1,Divorced,9950,11533,9,Yes,15,3,3,3,11,2,3,3,2,0,2
22,Yes,Travel_Frequently,1368,Research & Development,4,1,Technical Degree,593,3,Male,99,2,1,Laboratory Technician,3,Single,3894,9129,5,No,16,3,3,0,4,3,3,2,2,1,2
26,Yes,Travel_Frequently,426,Human Resources,17,4,Life Sciences,608,2,Female,58,3,1,Human Resources,3,Divorced,2741,22808,0,Yes,11,3,2,1,8,2,2,7,7,1,0
18,Yes,Travel_Frequently,1306,Sales,5,3,Marketing,614,2,Male,69,3,1,Sales Representative,2,Single,1878,8059,1,Yes,14,3,4,0,0,3,3,0,0,0,0
26,Yes,Travel_Rarely,471,Research & Development,24,3,Technical Degree,622,3,Male,66,1,1,Laboratory Technician,4,Single,2340,23213,1,Yes,18,3,2,0,1,3,1,1,0,0,0
32,Yes,Non-Travel,1474,Sales,11,4,Other,631,4,Male,60,4,2,Sales Executive,3,Married,4707,23914,8,No,12,3,4,0,6,2,3,4,2,1,2
24,Yes,Travel_Frequently,1287,Research & Development,7,3,Life Sciences,647,1,Female,55,3,1,Laboratory Technician,3,Married,2886,14168,1,Yes,16,3,4,1,6,4,3,6,3,1,2
30,Yes,Travel_Frequently,448,Sales,12,4,Life Sciences,648,2,Male,74,2,1,Sales Representative,1,Married,2033,14470,1,No,18,3,3,1,1,2,4,1,0,0,0
31,Yes,Travel_Rarely,1365,Sales,13,4,Medical,650,2,Male,46,3,2,Sales Executive,1,Divorced,4233,11512,2,No,17,3,3,0,9,2,1,3,1,1,2
27,Yes,Travel_Rarely,1420,Sales,2,1,Marketing,667,3,Male,85,3,1,Sales Representative,1,Divorced,3041,16346,0,No,11,3,2,1,5,3,3,4,3,0,2
45,Yes,Travel_Frequently,306,Sales,26,4,Life Sciences,684,1,Female,100,3,2,Sales Executive,1,Married,4286,5630,2,No,14,3,4,2,5,4,3,1,1,0,0
20,Yes,Travel_Rarely,1362,Research & Development,10,1,Medical,701,4,Male,32,3,1,Research Scientist,3,Single,1009,26999,1,Yes,11,3,4,0,1,5,3,1,0,1,1
33,Yes,Travel_Frequently,1076,Research & Development,3,3,Life Sciences,702,1,Male,70,3,1,Research Scientist,1,Single,3348,3164,1,Yes,11,3,1,0,10,3,3,10,8,9,7
24,Yes,Travel_Rarely,693,Sales,3,2,Life Sciences,720,1,Female,65,3,2,Sales Executive,3,Single,4577,24785,9,No,14,3,1,0,4,3,3,2,2,2,0
50,Yes,Travel_Frequently,562,Sales,8,2,Technical Degree,723,2,Male,50,3,2,Sales Executive,3,Married,6796,23452,3,Yes,14,3,1,1,18,4,3,4,3,1,3
28,Yes,Travel_Rarely,654,Research & Development,1,2,Life Sciences,741,1,Female,67,1,1,Research Scientist,2,Single,2216,3872,7,Yes,13,3,4,0,10,4,3,7,7,3,7
42,Yes,Travel_Frequently,933,Research & Development,19,3,Medical,752,3,Male,57,4,1,Research Scientist,3,Divorced,2759,20366,6,Yes,12,3,4,0,7,2,3,2,2,2,2
33,Yes,Travel_Rarely,527,Research & Development,1,4,Other,780,4,Male,63,3,1,Research Scientist,4,Single,2686,5207,1,Yes,13,3,3,0,10,2,2,10,9,7,8
47,Yes,Travel_Frequently,719,Sales,27,2,Life Sciences,785,2,Female,77,4,2,Sales Executive,3,Single,6397,10339,4,Yes,12,3,4,0,8,2,3,5,4,1,3
55,Yes,Travel_Rarely,725,Research & Development,2,3,Medical,787,4,Male,78,3,5,Manager,1,Married,19859,21199,5,Yes,13,3,4,1,24,2,3,5,2,1,4
26,Yes,Travel_Rarely,1146,Sales,8,3,Technical Degree,796,4,Male,38,2,2,Sales Executive,1,Single,5326,3064,6,No,17,3,3,0,6,2,2,4,3,1,2
23,Yes,Travel_Rarely,1243,Research & Development,6,3,Life Sciences,811,3,Male,63,4,1,Laboratory Technician,1,Married,1601,3445,1,Yes,21,4,3,2,1,2,3,0,0,0,0
29,Yes,Travel_Rarely,805,Research & Development,1,2,Life Sciences,816,2,Female,36,2,1,Laboratory Technician,1,Married,2319,6689,1,Yes,11,3,4,1,1,1,3,1,0,0,0
33,Yes,Travel_Rarely,118,Sales,16,3,Marketing,819,1,Female,69,3,2,Sales Executive,1,Single,5324,26507,5,No,15,3,3,0,6,3,3,3,2,0,2
58,Yes,Travel_Rarely,286,Research & Development,2,4,Life Sciences,825,4,Male,31,3,5,Research Director,2,Single,19246,25761,7,Yes,12,3,4,0,40,2,3,31,15,13,8
28,Yes,Travel_Rarely,890,Research & Development,2,4,Medical,828,3,Male,46,3,1,Research Scientist,3,Single,4382,16374,6,No,17,3,4,0,5,3,2,2,2,2,1
49,Yes,Travel_Rarely,1184,Sales,11,3,Marketing,840,3,Female,43,3,3,Sales Executive,4,Married,7654,5860,1,No,18,3,1,2,9,3,4,9,8,7,7
55,Yes,Travel_Rarely,436,Sales,2,1,Medical,842,3,Male,37,3,2,Sales Executive,4,Single,5160,21519,4,No,16,3,3,0,12,3,2,9,7,7,3
26,Yes,Travel_Frequently,887,Research & Development,5,2,Medical,848,3,Female,88,2,1,Research Scientist,3,Married,2366,20898,1,Yes,14,3,1,1,8,2,3,8,7,1,7
35,Yes,Travel_Frequently,130,Research & Development,25,4,Life Sciences,881,4,Female,96,3,1,Research Scientist,2,Divorced,2022,16612,1,Yes,19,3,1,1,10,3,2,10,2,7,8
29,Yes,Travel_Rarely,341,Sales,1,3,Medical,896,2,Female,48,2,1,Sales Representative,3,Divorced,2800,23522,6,Yes,19,3,3,3,5,3,3,3,2,0,2
32,Yes,Travel_Rarely,374,Research & Development,25,4,Life Sciences,911,1,Male,87,3,1,Laboratory Technician,4,Single,2795,18016,1,Yes,24,4,3,0,1,2,1,1,0,0,1
58,Yes,Travel_Frequently,781,Research & Development,2,1,Life Sciences,918,4,Male,57,2,1,Laboratory Technician,4,Divorced,2380,13384,9,Yes,14,3,4,1,3,3,2,1,0,0,0
20,Yes,Travel_Rarely,500,Sales,2,3,Medical,922,3,Female,49,2,1,Sales Representative,3,Single,2044,22052,1,No,13,3,4,0,2,3,2,2,2,0,2
21,Yes,Travel_Rarely,1427,Research & Development,18,1,Other,923,4,Female,65,3,1,Research Scientist,4,Single,2693,8870,1,No,19,3,1,0,1,3,2,1,0,0,0
22,Yes,Travel_Rarely,617,Research & Development,3,1,Life Sciences,926,2,Female,34,3,2,Manufacturing Director,3,Married,4171,10022,0,Yes,19,3,1,1,4,3,4,3,2,0,2
41,Yes,Travel_Rarely,1085,Research & Development,2,4,Life Sciences,927,2,Female,57,1,1,Laboratory Technician,4,Divorced,2778,17725,4,Yes,13,3,3,1,10,1,2,7,7,1,0
39,Yes,Travel_Rarely,1122,Research & Development,6,3,Medical,932,4,Male,70,3,1,Laboratory Technician,1,Married,2404,4303,7,Yes,21,4,4,0,8,2,1,2,2,2,2
25,Yes,Travel_Rarely,867,Sales,19,2,Marketing,952,3,Male,36,2,1,Sales Representative,2,Married,2413,18798,1,Yes,18,3,3,3,1,2,3,1,0,0,0
19,Yes,Travel_Rarely,419,Sales,21,3,Other,959,4,Male,37,2,1,Sales Representative,2,Single,2121,9947,1,Yes,13,3,2,0,1,3,4,1,0,0,0
20,Yes,Travel_Rarely,129,Research & Development,4,3,Technical Degree,960,1,Male,84,3,1,Laboratory Technician,1,Single,2973,13008,1,No,19,3,2,0,1,2,3,1,0,0,0
36,Yes,Travel_Rarely,530,Sales,3,1,Life Sciences,967,3,Male,51,2,3,Sales Executive,4,Married,10325,5518,1,Yes,11,3,1,1,16,6,3,16,7,3,7
37,Yes,Travel_Rarely,625,Sales,1,4,Life Sciences,970,1,Male,46,2,3,Sales Executive,3,Married,10609,14922,5,No,11,3,3,0,17,2,1,14,1,11,7
58,Yes,Travel_Rarely,289,Research & Development,2,3,Technical Degree,977,4,Male,51,3,1,Research Scientist,3,Single,2479,26227,4,No,24,4,1,0,7,4,3,1,0,0,0
40,Yes,Non-Travel,1479,Sales,24,3,Life Sciences,986,2,Female,100,4,4,Sales Executive,2,Single,13194,17071,4,Yes,16,3,4,0,22,2,2,1,0,0,0
31,Yes,Non-Travel,335,Research & Development,9,2,Medical,991,3,Male,46,2,1,Research Scientist,1,Single,2321,10322,0,Yes,22,4,1,0,4,0,3,3,2,1,2
29,Yes,Travel_Rarely,906,Research & Development,10,3,Life Sciences,994,4,Female,92,2,1,Research Scientist,1,Single,2404,11479,6,Yes,20,4,3,0,3,5,3,0,0,0,0
30,Yes,Travel_Rarely,138,Research & Development,22,3,Life Sciences,1004,1,Female,48,3,1,Research Scientist,3,Married,2132,11539,4,Yes,11,3,2,0,7,2,3,5,2,0,1
35,Yes,Travel_Rarely,622,Research & Development,14,4,Other,1010,3,Male,39,2,1,Laboratory Technician,2,Divorced,3743,10074,1,Yes,24,4,4,1,5,2,1,4,2,0,2
20,Yes,Travel_Rarely,1097,Research & Development,11,3,Medical,1016,4,Female,98,2,1,Research Scientist,1,Single,2600,18275,1,Yes,15,3,1,0,1,2,3,1,0,0,0
30,Yes,Travel_Frequently,109,Research & Development,5,3,Medical,1017,2,Female,60,3,1,Laboratory Technician,2,Single,2422,25725,0,No,17,3,1,0,4,3,3,3,2,1,2
37,Yes,Travel_Rarely,1141,Research & Development,11,2,Medical,1033,1,Female,61,1,2,Healthcare Representative,2,Married,4777,14382,5,No,15,3,1,0,15,2,1,1,0,0,0
26,Yes,Non-Travel,265,Sales,29,2,Medical,1037,2,Male,79,1,2,Sales Executive,1,Single,4969,21813,8,No,18,3,4,0,7,6,3,2,2,2,2
52,Yes,Travel_Rarely,266,Sales,2,1,Marketing,1038,1,Female,57,1,5,Manager,4,Married,19845,25846,1,No,15,3,4,1,33,3,3,32,14,6,9
36,Yes,Travel_Rarely,885,Research & Development,16,4,Life Sciences,1042,3,Female,43,4,1,Laboratory Technician,1,Single,2743,8269,1,No,16,3,3,0,18,1,3,17,13,15,14
36,Yes,Travel_Rarely,660,Research & Development,15,3,Other,1052,1,Male,81,3,2,Laboratory Technician,3,Divorced,4834,7858,7,No,14,3,2,1,9,3,2,1,0,0,0
26,Yes,Travel_Frequently,342,Research & Development,2,3,Life Sciences,1053,1,Male,57,3,1,Research Scientist,1,Married,2042,15346,6,Yes,14,3,2,1,6,2,3,3,2,1,2
20,Yes,Travel_Frequently,769,Sales,9,3,Marketing,1077,4,Female,54,3,1,Sales Representative,4,Single,2323,17205,1,Yes,14,3,2,0,2,3,3,2,2,0,2
21,Yes,Travel_Rarely,1334,Research & Development,10,3,Life Sciences,1079,3,Female,36,2,1,Laboratory Technician,1,Single,1416,17258,1,No,13,3,1,0,1,6,2,1,0,1,0
51,Yes,Travel_Rarely,1323,Research & Development,4,4,Life Sciences,1081,1,Male,34,3,1,Research Scientist,3,Married,2461,10332,9,Yes,12,3,3,3,18,2,4,10,0,2,7
28,Yes,Non-Travel,1366,Research & Development,24,2,Technical Degree,1082,2,Male,72,2,3,Healthcare Representative,1,Single,8722,12355,1,No,12,3,1,0,10,2,2,10,7,1,9
44,Yes,Travel_Rarely,1376,Human Resources,1,2,Medical,1098,2,Male,91,2,3,Human Resources,1,Married,10482,2326,9,No,14,3,4,1,24,1,3,20,6,3,6
35,Yes,Travel_Rarely,1204,Sales,4,3,Technical Degree,1100,4,Male,86,3,3,Sales Executive,1,Single,9582,10333,0,Yes,22,4,1,0,9,2,3,8,7,4,7
33,Yes,Travel_Frequently,827,Research & Development,29,4,Medical,1101,1,Female,54,2,2,Research Scientist,3,Single,4508,3129,1,No,22,4,2,0,14,4,3,13,7,3,8
25,Yes,Travel_Rarely,1219,Research & Development,4,1,Technical Degree,1106,4,Male,32,3,1,Laboratory Technician,4,Married,3691,4605,1,Yes,15,3,2,1,7,3,4,7,7,5,6
26,Yes,Travel_Rarely,1330,Research & Development,21,3,Medical,1107,1,Male,37,3,1,Laboratory Technician,3,Divorced,2377,19373,1,No,20,4,3,1,1,0,2,1,1,0,0
33,Yes,Travel_Rarely,1017,Research & Development,25,3,Medical,1108,1,Male,55,2,1,Research Scientist,2,Single,2313,2993,4,Yes,20,4,2,0,5,0,3,2,2,2,2
28,Yes,Travel_Frequently,1009,Research & Development,1,3,Medical,1111,1,Male,45,2,1,Laboratory Technician,2,Divorced,2596,7160,1,No,15,3,1,2,1,2,3,1,0,0,0
50,Yes,Travel_Frequently,959,Sales,1,4,Other,1113,4,Male,81,3,2,Sales Executive,3,Single,4728,17251,3,Yes,14,3,4,0,5,4,3,0,0,0,0
39,Yes,Travel_Frequently,203,Research & Development,2,3,Life Sciences,1127,1,Male,84,3,4,Healthcare Representative,4,Divorced,12169,13547,7,No,11,3,4,3,21,4,3,18,7,11,5
18,Yes,Non-Travel,247,Research & Development,8,1,Medical,1156,3,Male,80,3,1,Laboratory Technician,3,Single,1904,13556,1,No,12,3,4,0,0,0,3,0,0,0,0
33,Yes,Travel_Rarely,603,Sales,9,4,Marketing,1157,1,Female,77,3,2,Sales Executive,1,Single,8224,18385,0,Yes,17,3,1,0,6,3,3,5,2,0,3
31,Yes,Travel_Frequently,874,Research & Development,15,3,Medical,1160,3,Male,72,3,1,Laboratory Technician,3,Married,2610,6233,1,No,12,3,3,1,2,5,2,2,2,2,2
29,Yes,Travel_Rarely,408,Sales,23,1,Life Sciences,1165,4,Female,45,2,3,Sales Executive,1,Married,7336,11162,1,No,13,3,1,1,11,3,1,11,8,3,10
42,Yes,Travel_Frequently,481,Sales,12,3,Life Sciences,1167,3,Male,44,3,4,Sales Executive,1,Single,13758,2447,0,Yes,12,3,2,0,22,2,2,21,9,13,14
28,Yes,Travel_Rarely,1485,Research & Development,12,1,Life Sciences,1175,3,Female,79,3,1,Laboratory Technician,4,Married,2515,22955,1,Yes,11,3,4,0,1,4,2,1,1,0,0
43,Yes,Travel_Rarely,1372,Sales,9,3,Marketing,1188,1,Female,85,1,2,Sales Executive,3,Single,5346,9489,8,No,13,3,2,0,7,2,2,4,3,1,3
44,Yes,Travel_Rarely,1097,Research & Development,10,4,Life Sciences,1200,3,Male,96,3,1,Research Scientist,3,Single,2936,10826,1,Yes,11,3,3,0,6,4,3,6,4,0,2
22,Yes,Travel_Frequently,1256,Research & Development,3,4,Life Sciences,1203,3,Male,48,2,1,Research Scientist,4,Married,2853,4223,0,Yes,11,3,2,1,1,5,3,0,0,0,0
41,Yes,Non-Travel,906,Research & Development,5,2,Life Sciences,1210,1,Male,95,2,1,Research Scientist,1,Divorced,2107,20293,6,No,17,3,1,1,5,2,1,1,0,0,0
24,Yes,Travel_Rarely,984,Research & Development,17,2,Life Sciences,1219,4,Female,97,3,1,Laboratory Technician,2,Married,2210,3372,1,No,13,3,1,1,1,3,1,1,0,0,0
19,Yes,Non-Travel,504,Research & Development,10,3,Medical,1248,1,Female,96,2,1,Research Scientist,2,Single,1859,6148,1,Yes,25,4,2,0,1,2,4,1,1,0,0
25,Yes,Travel_Frequently,599,Sales,24,1,Life Sciences,1273,3,Male,73,1,1,Sales Representative,4,Single,1118,8040,1,Yes,14,3,4,0,1,4,3,1,0,1,0
45,Yes,Travel_Rarely,1449,Sales,2,3,Marketing,1277,1,Female,94,1,5,Manager,2,Single,18824,2493,2,Yes,16,3,1,0,26,2,3,24,10,1,11
21,Yes,Travel_Frequently,251,Research & Development,10,2,Life Sciences,1279,1,Female,45,2,1,Laboratory Technician,3,Single,2625,25308,1,No,20,4,3,0,2,2,1,2,2,2,2
44,Yes,Travel_Rarely,621,Research & Development,15,3,Medical,1295,1,Female,73,3,3,Healthcare Representative,4,Married,7978,14075,1,No,11,3,4,1,10,2,3,10,7,0,5
29,Yes,Travel_Rarely,806,Research & Development,7,3,Technical Degree,1299,2,Female,39,3,1,Laboratory Technician,3,Divorced,3339,17285,3,Yes,13,3,1,2,10,2,3,7,7,7,7
32,Yes,Travel_Rarely,1089,Research & Development,7,2,Life Sciences,1309,4,Male,79,3,2,Laboratory Technician,3,Married,4883,22845,1,No,18,3,1,1,10,3,3,10,4,1,1
39,Yes,Travel_Rarely,360,Research & Development,23,3,Medical,1310,3,Male,93,3,1,Research Scientist,1,Single,3904,22154,0,No,13,3,1,0,6,2,3,5,2,0,3
40,Yes,Travel_Rarely,299,Sales,25,4,Marketing,1318,4,Male,57,2,3,Sales Executive,2,Single,9094,17235,2,Yes,12,3,3,0,9,2,3,5,4,1,0
52,Yes,Travel_Rarely,1030,Sales,5,3,Life Sciences,1319,2,Male,64,3,3,Sales Executive,2,Single,8446,21534,9,Yes,19,3,3,0,10,2,2,8,7,7,7
31,Yes,Travel_Frequently,1060,Sales,1,3,Life Sciences,1331,4,Female,54,3,1,Sales Representative,2,Single,2302,8319,1,Yes,11,3,1,0,3,2,4,3,2,2,2
44,Yes,Travel_Rarely,935,Research & Development,3,3,Life Sciences,1333,1,Male,89,3,1,Laboratory Technician,1,Married,2362,14669,4,No,12,3,3,0,10,4,4,3,2,1,2
58,Yes,Travel_Rarely,601,Research & Development,7,4,Medical,1360,3,Female,53,2,3,Manufacturing Director,1,Married,10008,12023,7,Yes,14,3,4,0,31,0,2,10,9,5,9
55,Yes,Travel_Rarely,267,Sales,13,4,Marketing,1372,1,Male,85,4,4,Sales Executive,3,Single,13695,9277,6,Yes,17,3,3,0,24,2,2,19,7,3,8
31,Yes,Travel_Frequently,703,Sales,2,3,Life Sciences,1379,3,Female,90,2,1,Sales Representative,4,Single,2785,11882,7,No,14,3,3,0,3,3,4,1,0,0,0
35,Yes,Travel_Frequently,662,Sales,18,4,Marketing,1380,4,Female,67,3,2,Sales Executive,3,Married,4614,23288,0,Yes,18,3,3,1,5,0,2,4,2,3,2
31,Yes,Travel_Rarely,330,Research & Development,22,4,Medical,1389,4,Male,98,3,2,Manufacturing Director,3,Married,6179,21057,1,Yes,15,3,4,2,10,3,2,10,2,6,7
27,Yes,Travel_Rarely,135,Research & Development,17,4,Life Sciences,1405,4,Female,51,3,1,Research Scientist,3,Single,2394,25681,1,Yes,13,3,4,0,8,2,3,8,2,7,7
49,Yes,Travel_Frequently,1475,Research & Development,28,2,Life Sciences,1420,1,Male,97,2,2,Laboratory Technician,1,Single,4284,22710,3,No,20,4,1,0,20,2,3,4,3,1,3
29,Yes,Travel_Frequently,337,Research & Development,14,1,Other,1421,3,Female,84,3,3,Healthcare Representative,4,Single,7553,22930,0,Yes,12,3,1,0,9,1,3,8,7,7,7
31,Yes,Travel_Frequently,667,Sales,1,4,Life Sciences,1427,2,Female,50,1,1,Sales Representative,3,Single,1359,16154,1,No,12,3,2,0,1,3,3,1,0,0,0
31,Yes,Travel_Rarely,202,Research & Development,8,3,Life Sciences,1433,1,Female,34,2,1,Research Scientist,2,Single,1261,22262,1,No,12,3,3,0,1,3,4,1,0,0,0
25,Yes,Travel_Rarely,383,Sales,9,2,Life Sciences,1439,1,Male,68,2,1,Sales Representative,1,Married,4400,15182,3,No,12,3,1,0,6,2,3,3,2,2,2
46,Yes,Travel_Rarely,377,Sales,9,3,Marketing,1457,1,Male,52,3,3,Sales Executive,4,Divorced,10096,15986,4,No,11,3,1,1,28,1,4,7,7,4,3
39,Yes,Non-Travel,592,Research & Development,2,3,Life Sciences,1458,1,Female,54,2,1,Laboratory Technician,1,Single,3646,17181,2,Yes,23,4,2,0,11,2,4,1,0,0,0
31,Yes,Travel_Frequently,1445,Research & Development,1,5,Life Sciences,1459,3,Female,100,4,3,Manufacturing Director,2,Single,7446,8931,1,No,11,3,1,0,10,2,3,10,8,4,7
31,Yes,Travel_Frequently,523,Research & Development,2,3,Life Sciences,1464,2,Male,94,3,1,Laboratory Technician,4,Married,3722,21081,6,Yes,13,3,3,1,7,2,1,2,2,2,2
34,Yes,Travel_Rarely,1107,Human Resources,9,4,Technical Degree,1467,1,Female,52,3,1,Human Resources,3,Married,2742,3072,1,No,15,3,4,0,2,0,3,2,2,2,2
28,Yes,Travel_Frequently,1496,Sales,1,3,Technical Degree,1486,1,Male,92,3,1,Sales Representative,3,Married,2909,15747,3,No,15,3,4,1,5,3,4,3,2,1,2
29,Yes,Travel_Frequently,115,Sales,13,3,Technical Degree,1487,1,Female,51,3,2,Sales Executive,2,Single,5765,17485,5,No,11,3,1,0,7,4,1,5,3,0,0
34,Yes,Travel_Rarely,790,Sales,24,4,Medical,1489,1,Female,40,2,2,Sales Executive,2,Single,4599,7815,0,Yes,23,4,3,0,16,2,4,15,9,10,10
24,Yes,Travel_Frequently,381,Research & Development,9,3,Medical,1494,2,Male,89,3,1,Laboratory Technician,1,Single,3172,16998,2,Yes,11,3,3,0,4,2,2,0,0,0,0
28,Yes,Travel_Frequently,289,Research & Development,2,2,Medical,1504,3,Male,38,2,1,Laboratory Technician,1,Single,2561,5355,7,No,11,3,3,0,8,2,2,0,0,0,0
29,Yes,Travel_Rarely,224,Research & Development,1,4,Technical Degree,1522,1,Male,100,2,1,Research Scientist,1,Single,2362,7568,6,No,13,3,3,0,11,2,1,9,7,0,7
40,Yes,Travel_Rarely,676,Research & Development,9,4,Life Sciences,1534,4,Male,86,3,1,Laboratory Technician,1,Single,2018,21831,3,No,14,3,2,0,15,3,1,5,4,1,0
31,Yes,Travel_Frequently,561,Research & Development,3,3,Life Sciences,1537,4,Female,33,3,1,Research Scientist,3,Single,4084,4156,1,No,12,3,1,0,7,2,1,7,2,7,7
30,Yes,Travel_Rarely,740,Sales,1,3,Life Sciences,1562,2,Male,64,2,2,Sales Executive,1,Married,9714,5323,1,No,11,3,4,1,10,4,3,10,8,6,7
35,Yes,Travel_Rarely,104,Research & Development,2,3,Life Sciences,1569,1,Female,69,3,1,Laboratory Technician,1,Divorced,2074,26619,1,Yes,12,3,4,1,1,2,3,1,0,0,0
53,Yes,Travel_Rarely,607,Research & Development,2,5,Technical Degree,1572,3,Female,78,2,3,Manufacturing Director,4,Married,10169,14618,0,No,16,3,2,1,34,4,3,33,7,1,9
38,Yes,Travel_Rarely,903,Research & Development,2,3,Medical,1573,3,Male,81,3,2,Manufacturing Director,2,Married,4855,7653,4,No,11,3,1,2,7,2,3,5,2,1,4
28,Yes,Travel_Rarely,329,Research & Development,24,3,Medical,1604,3,Male,51,3,1,Laboratory Technician,2,Married,2408,7324,1,Yes,17,3,3,3,1,3,3,1,1,0,0
18,Yes,Travel_Frequently,544,Sales,3,2,Medical,1624,2,Female,70,3,1,Sales Representative,4,Single,1569,18420,1,Yes,12,3,3,0,0,2,4,0,0,0,0
35,Yes,Travel_Rarely,737,Sales,10,3,Medical,1639,4,Male,55,2,3,Sales Executive,1,Married,10306,21530,9,No,17,3,3,0,15,3,3,13,12,6,0
35,Yes,Travel_Rarely,763,Sales,15,2,Medical,1645,1,Male,59,1,2,Sales Executive,4,Divorced,5440,22098,6,Yes,14,3,4,2,7,2,2,2,2,2,2
40,Yes,Travel_Rarely,1329,Research & Development,7,3,Life Sciences,1649,1,Male,73,3,1,Laboratory Technician,1,Single,2166,3339,3,Yes,14,3,2,0,10,3,1,4,2,0,3
35,Yes,Travel_Frequently,880,Sales,12,4,Other,1667,4,Male,36,3,2,Sales Executive,4,Single,4581,10414,3,Yes,24,4,1,0,13,2,4,11,9,6,7
23,Yes,Travel_Rarely,1320,Research & Development,8,1,Medical,1684,4,Male,93,2,1,Laboratory Technician,3,Single,3989,20586,1,Yes,11,3,1,0,5,2,3,5,4,1,2
48,Yes,Travel_Frequently,708,Sales,7,2,Medical,1691,4,Female,95,3,1,Sales Representative,3,Married,2655,11740,2,Yes,11,3,3,2,19,3,3,9,7,7,7
32,Yes,Travel_Rarely,1259,Research & Development,2,4,Life Sciences,1692,4,Male,95,3,1,Laboratory Technician,2,Single,1393,24852,1,No,12,3,1,0,1,2,3,1,0,0,0
23,Yes,Travel_Rarely,427,Sales,7,3,Life Sciences,1702,3,Male,99,3,1,Sales Representative,4,Divorced,2275,25103,1,Yes,21,4,2,1,3,2,3,3,2,0,2
24,Yes,Travel_Rarely,240,Human Resources,22,1,Human Resources,1714,4,Male,58,1,1,Human Resources,3,Married,1555,11585,1,No,11,3,3,1,1,2,3,1,0,0,0
47,Yes,Travel_Frequently,1093,Sales,9,3,Life Sciences,1716,3,Male,82,1,4,Sales Executive,3,Married,12936,24164,7,No,11,3,3,0,25,3,1,23,5,14,10
36,Yes,Travel_Rarely,1456,Sales,13,5,Marketing,1733,2,Male,96,2,2,Sales Executive,1,Divorced,6134,8658,5,Yes,13,3,2,3,16,3,3,2,2,2,2
32,Yes,Travel_Rarely,964,Sales,1,2,Life Sciences,1734,1,Male,34,1,2,Sales Executive,2,Single,6735,12147,6,No,15,3,2,0,10,2,3,0,0,0,0
30,Yes,Travel_Frequently,600,Human Resources,8,3,Human Resources,1747,3,Female,66,2,1,Human Resources,4,Divorced,2180,9732,6,No,11,3,3,1,6,0,2,4,2,1,2
29,Yes,Travel_Rarely,428,Sales,9,3,Marketing,1752,2,Female,52,1,1,Sales Representative,2,Single,2760,14630,1,No,13,3,3,0,2,3,3,2,2,2,2
33,Yes,Travel_Rarely,211,Sales,16,3,Life Sciences,1758,1,Female,74,3,3,Sales Executive,1,Single,8564,10092,2,Yes,20,4,3,0,11,2,2,0,0,0,0
31,Yes,Travel_Rarely,1079,Sales,16,4,Marketing,1761,1,Male,70,3,3,Sales Executive,3,Married,8161,19002,2,No,13,3,1,3,10,2,3,1,0,0,0
43,Yes,Travel_Frequently,807,Research & Development,17,3,Technical Degree,1767,3,Male,38,2,1,Research Scientist,3,Married,2437,15587,9,Yes,16,3,4,1,6,4,3,1,0,0,0
21,Yes,Travel_Rarely,337,Sales,7,1,Marketing,1780,2,Male,31,3,1,Sales Representative,2,Single,2679,4567,1,No,13,3,2,0,1,3,3,1,0,1,0
22,Yes,Travel_Rarely,1294,Research & Development,8,1,Medical,1783,3,Female,79,3,1,Laboratory Technician,1,Married,2398,15999,1,Yes,17,3,3,0,1,6,3,1,0,0,0
44,Yes,Travel_Frequently,429,Research & Development,1,2,Medical,1792,3,Male,99,3,1,Research Scientist,2,Divorced,2342,11092,1,Yes,12,3,3,3,6,2,2,5,3,2,3
35,Yes,Travel_Rarely,303,Sales,27,3,Life Sciences,1797,3,Male,84,3,2,Sales Executive,4,Single,5813,13492,1,Yes,18,3,4,0,10,2,3,10,7,7,7
34,Yes,Travel_Frequently,234,Research & Development,9,4,Life Sciences,1807,4,Male,93,3,2,Laboratory Technician,1,Married,5346,6208,4,No,17,3,3,1,11,3,2,7,1,0,7
37,Yes,Travel_Rarely,370,Research & Development,10,4,Medical,1809,4,Male,58,3,2,Manufacturing Director,1,Single,4213,4992,1,No,15,3,2,0,10,4,1,10,3,0,8
26,Yes,Travel_Rarely,920,Human Resources,20,2,Medical,1818,4,Female,69,3,1,Human Resources,2,Married,2148,6889,0,Yes,11,3,3,0,6,3,3,5,1,1,4
46,Yes,Travel_Rarely,261,Research & Development,21,2,Medical,1821,4,Female,66,3,2,Healthcare Representative,2,Married,8926,10842,4,No,22,4,4,1,13,2,4,9,7,3,7
31,Yes,Travel_Rarely,359,Human Resources,18,5,Human Resources,1842,4,Male,89,4,1,Human Resources,1,Married,2956,21495,0,No,17,3,3,0,2,4,3,1,0,0,0
29,Yes,Travel_Rarely,350,Human Resources,13,3,Human Resources,1844,1,Male,56,2,1,Human Resources,1,Divorced,2335,3157,4,Yes,15,3,4,3,4,3,3,2,2,2,0
32,Yes,Travel_Rarely,414,Sales,2,4,Marketing,1862,3,Male,82,2,2,Sales Executive,2,Single,9907,26186,7,Yes,12,3,3,0,7,3,2,2,2,2,2
29,Yes,Travel_Frequently,459,Research & Development,24,2,Life Sciences,1868,4,Male,73,2,1,Research Scientist,4,Single,2439,14753,1,Yes,24,4,2,0,1,3,2,1,0,1,0
46,Yes,Travel_Rarely,1254,Sales,10,3,Life Sciences,1869,3,Female,64,3,3,Sales Executive,2,Married,7314,14011,5,No,21,4,3,3,14,2,3,8,7,0,7
30,Yes,Travel_Rarely,945,Sales,9,3,Medical,1876,2,Male,89,3,1,Sales Representative,4,Single,1081,16019,1,No,13,3,3,0,1,3,2,1,0,0,0
22,Yes,Travel_Rarely,391,Research & Development,7,1,Life Sciences,1878,4,Male,75,3,1,Research Scientist,2,Single,2472,26092,1,Yes,23,4,1,0,1,2,3,1,0,0,0
34,Yes,Non-Travel,967,Research & Development,16,4,Technical Degree,1905,4,Male,85,1,1,Research Scientist,1,Married,2307,14460,1,Yes,23,4,2,1,5,2,3,5,2,3,0
56,Yes,Travel_Rarely,1162,Research & Development,24,2,Life Sciences,1907,1,Male,97,3,1,Laboratory Technician,4,Single,2587,10261,1,No,16,3,4,0,5,3,3,4,2,1,0
29,Yes,Travel_Frequently,746,Sales,24,3,Technical Degree,1928,3,Male,45,4,1,Sales Representative,1,Single,1091,10642,1,No,17,3,4,0,1,3,3,1,0,0,0
28,Yes,Travel_Rarely,1475,Sales,13,2,Marketing,1933,4,Female,84,3,2,Sales Executive,3,Single,9854,23352,3,Yes,11,3,4,0,6,0,3,2,0,2,2
32,Yes,Travel_Frequently,238,Research & Development,5,2,Life Sciences,1939,1,Female,47,4,1,Research Scientist,3,Single,2432,15318,3,Yes,14,3,1,0,8,2,3,4,1,0,3
27,Yes,Travel_Frequently,1337,Human Resources,22,3,Human Resources,1944,1,Female,58,2,1,Human Resources,2,Married,2863,19555,1,No,12,3,1,0,1,2,3,1,0,0,0
28,Yes,Travel_Rarely,1404,Research & Development,17,3,Technical Degree,1960,3,Male,32,2,1,Laboratory Technician,4,Divorced,2367,18779,5,No,12,3,1,1,6,2,2,4,1,0,3
31,Yes,Travel_Frequently,754,Sales,26,4,Marketing,1967,1,Male,63,3,2,Sales Executive,4,Married,5617,21075,1,Yes,11,3,3,0,10,4,3,10,7,0,8
53,Yes,Travel_Rarely,1168,Sales,24,4,Life Sciences,1968,1,Male,66,3,3,Sales Executive,1,Single,10448,5843,6,Yes,13,3,2,0,15,2,2,2,2,2,2
23,Yes,Travel_Frequently,638,Sales,9,3,Marketing,2023,4,Male,33,3,1,Sales Representative,1,Married,1790,26956,1,No,19,3,1,1,1,3,2,1,0,1,0
29,Yes,Travel_Rarely,1092,Research & Development,1,4,Medical,2027,1,Male,36,3,1,Research Scientist,4,Married,4787,26124,9,Yes,14,3,2,3,4,3,4,2,2,2,2
56,Yes,Travel_Rarely,310,Research & Development,7,2,Technical Degree,2032,4,Male,72,3,1,Laboratory Technician,3,Married,2339,3666,8,No,11,3,4,1,14,4,1,10,9,9,8
50,Yes,Travel_Frequently,878,Sales,1,4,Life Sciences,2044,2,Male,94,3,2,Sales Executive,3,Divorced,6728,14255,7,No,12,3,4,2,12,3,3,6,3,0,1
50,Yes,Travel_Rarely,410,Sales,28,3,Marketing,2055,4,Male,39,2,3,Sales Executive,1,Divorced,10854,16586,4,Yes,13,3,2,1,20,3,3,3,2,2,0
